Encounter_ID,Patient_ID,Encounter_Date,Department,ICD10_Code,CPT_Code,Insurance_Payer,Charges,Allowed_Amount,Paid_Amount,Patient_Responsibility,AR_Balance,Claim_Status,Days_in_AR
100001,40644,2025-01-29,Orthopedics,K21.9,99213,Medicare,15957,14641.29,14641.29,1315.71,1315.71,Paid,122
100002,89878,2025-03-03,Oncology,J18.9,36415,Self-Pay,14736,10242.6,10242.6,4493.4,4493.4,Paid,62
100003,70490,2024-05-08,Orthopedics,M54.5,85025,Cigna,8055,5287.06,5287.06,2767.94,2767.94,Paid,115
100004,44314,2024-10-06,Emergency,E11.9,70450,Medicare,18823,16569.94,16569.94,2253.06,2253.06,Paid,84
100005,71007,2024-02-01,Cardiology,K21.9,99214,Self-Pay,5823,3651.72,3651.72,2171.28,2171.28,Paid,6
100006,32982,2025-01-21,Cardiology,N39.0,85025,UnitedHealthcare,16100,11924.47,8688.69,4175.53,7411.31,Partial,28
100007,80947,2025-03-12,Oncology,R07.9,36415,Cigna,16754,15568.24,11046.58,1185.76,5707.42,Partial,111
100008,45480,2024-12-20,Oncology,I10,80053,Aetna,24179,22396.5,22396.5,1782.5,1782.5,Paid,114
100009,21441,2024-09-12,Cardiology,R07.9,80053,Medicaid,7314,6344.74,6344.74,969.26,969.26,Paid,15
100010,22090,2024-12-27,Pediatrics,M54.5,85025,Self-Pay,4316,3555.91,346.92,760.09,3969.08,Pending,61
100011,83129,2024-10-28,Neurology,E11.9,36415,Self-Pay,15407,9208.53,9208.53,6198.47,6198.47,Paid,172
100012,94314,2024-01-25,Cardiology,J18.9,93000,Medicare,20541,16529.58,10805.04,4011.42,9735.96,Partial,31
100013,82374,2025-09-19,Pediatrics,F41.9,93000,Medicare,21922,20633.21,20633.21,1288.79,1288.79,Paid,86
100014,49676,2025-03-28,Oncology,K21.9,80053,Medicaid,23264,18968.04,18968.04,4295.96,4295.96,Paid,166
100015,52594,2025-04-22,Emergency,R07.9,99213,Cigna,15640,14301.73,440,1338.27,15200,Pending,90
100016,42769,2025-09-05,Emergency,M54.5,80053,Medicaid,13687,8785.08,8785.08,4901.92,4901.92,Paid,143
100017,85665,2024-04-16,Neurology,N39.0,71046,Cigna,11394,7452.64,0,3941.36,11394,Denied,105
100018,48991,2024-12-27,Pediatrics,I10,93000,Cigna,23809,14560.07,2290.02,9248.93,21518.98,Pending,138
100019,43449,2024-02-25,Emergency,R07.9,70450,Medicaid,6922,3867.69,3867.69,3054.31,3054.31,Paid,151
100020,96409,2025-04-27,Radiology,K21.9,36415,UnitedHealthcare,12674,7972.11,7972.11,4701.89,4701.89,Paid,72
100021,21576,2024-11-06,Emergency,R07.9,71046,Aetna,20443,15114,11371.87,5329,9071.13,Partial,163
100022,75853,2024-02-19,Neurology,I10,85025,Cigna,17104,15784.25,10415.96,1319.75,6688.04,Partial,134
100023,80913,2025-01-16,Radiology,R07.9,93000,Medicaid,13364,7990.83,7990.83,5373.17,5373.17,Paid,27
100024,37798,2024-10-10,Emergency,I10,70450,UnitedHealthcare,15617,11373.2,11373.2,4243.8,4243.8,Paid,138
100025,91566,2025-07-20,Orthopedics,F41.9,80053,UnitedHealthcare,12208,8970.82,8970.82,3237.18,3237.18,Paid,115
100026,74861,2025-06-16,Neurology,F41.9,93000,Blue Cross,13077,12204.6,554.18,872.4,12522.82,Pending,142
100027,98167,2025-09-11,Oncology,R07.9,36415,Blue Cross,19374,12489.56,8843.79,6884.44,10530.21,Partial,103
100028,28077,2024-09-10,Orthopedics,I10,85025,Aetna,17093,15756.02,15756.02,1336.98,1336.98,Paid,7
100029,57087,2025-08-01,Cardiology,R07.9,36415,Blue Cross,18591,14061.07,0,4529.93,18591,Denied,176
100030,50468,2025-08-16,Emergency,R07.9,93000,Aetna,1469,985.44,985.44,483.56,483.56,Paid,27
100031,16627,2024-12-24,Pediatrics,F41.9,93000,Medicare,2785,1661.5,1661.5,1123.5,1123.5,Paid,23
100032,17857,2025-01-11,Cardiology,R07.9,99214,Blue Cross,18762,16947.69,16947.69,1814.31,1814.31,Paid,115
100033,41173,2025-08-10,Neurology,I10,93000,Medicare,10674,9041.16,5950.64,1632.84,4723.36,Partial,168
100034,48034,2025-07-27,Neurology,F41.9,36415,Aetna,18739,10928.76,6359.44,7810.24,12379.56,Partial,29
100035,68030,2025-06-27,Neurology,K21.9,71046,Aetna,4156,3232.28,1413.37,923.72,2742.63,Partial,179
100036,98526,2025-11-01,Pediatrics,R07.9,93000,Aetna,2633,1672.28,1672.28,960.72,960.72,Paid,4
100037,63635,2025-12-28,Neurology,I10,36415,Self-Pay,14995,11655.54,11655.54,3339.46,3339.46,Paid,161
100038,16898,2025-12-13,Pediatrics,N39.0,99213,Medicaid,9783,8615.8,8615.8,1167.2,1167.2,Paid,33
100039,30089,2025-11-05,Emergency,E11.9,80053,Blue Cross,7325,4042.03,4042.03,3282.97,3282.97,Paid,37
100040,62957,2024-11-14,Pediatrics,K21.9,70450,Medicaid,15360,12073.25,0,3286.75,15360,Denied,102
100041,68367,2025-08-15,Oncology,R07.9,93000,Medicaid,6723,4572.3,4572.3,2150.7,2150.7,Paid,145
100042,73968,2024-07-18,Neurology,I10,36415,Blue Cross,14769,11187.19,11187.19,3581.81,3581.81,Paid,153
100043,60952,2024-05-09,Emergency,K21.9,99213,Cigna,22674,21482.03,18997.3,1191.97,3676.7,Partial,99
100044,89814,2024-04-15,Radiology,E11.9,93000,Self-Pay,24069,13884.33,13884.33,10184.67,10184.67,Paid,123
100045,26737,2024-09-15,Neurology,F41.9,93000,Cigna,2058,1158.71,518.18,899.29,1539.82,Partial,75
100046,70547,2024-12-06,Orthopedics,K21.9,99213,Blue Cross,22071,16022.53,10841.28,6048.47,11229.72,Partial,4
100047,10845,2024-12-11,Orthopedics,E11.9,80053,Cigna,18661,14484.22,14484.22,4176.78,4176.78,Paid,0
100048,16228,2025-10-31,Neurology,N39.0,70450,Medicaid,20854,18530.42,18530.42,2323.58,2323.58,Paid,141
100049,91493,2024-08-28,Oncology,E11.9,85025,Aetna,10550,8098.32,0,2451.68,10550,Denied,27
100050,38292,2025-06-30,Cardiology,J18.9,70450,Aetna,13875,11257.81,2585.32,2617.19,11289.68,Pending,112
100051,22087,2025-06-17,Radiology,J18.9,93000,Medicaid,900,571.68,571.68,328.32,328.32,Paid,34
100052,67284,2024-04-23,Cardiology,R07.9,99213,Self-Pay,11212,8256.69,749.07,2955.31,10462.93,Pending,95
100053,45333,2025-03-02,Oncology,M54.5,70450,Medicare,788,737.34,737.34,50.66,50.66,Paid,17
100054,22085,2024-12-25,Pediatrics,E11.9,85025,Cigna,17432,10487.68,0,6944.32,17432,Denied,8
100055,90819,2024-02-19,Neurology,N39.0,80053,Self-Pay,17688,16742.89,16742.89,945.11,945.11,Paid,104
100056,30289,2025-04-10,Neurology,F41.9,36415,Cigna,13360,12228.27,12228.27,1131.73,1131.73,Paid,138
100057,28601,2024-01-08,Orthopedics,F41.9,70450,Medicaid,23667,16701.74,16701.74,6965.26,6965.26,Paid,30
100058,90011,2024-08-17,Cardiology,J18.9,85025,Cigna,18715,16518.1,0,2196.9,18715,Denied,9
100059,57090,2025-05-25,Pediatrics,E11.9,99214,Medicare,20532,12820.05,12820.05,7711.95,7711.95,Paid,89
100060,59914,2025-02-11,Pediatrics,F41.9,99214,UnitedHealthcare,9422,7741.93,7741.93,1680.07,1680.07,Paid,56
100061,25332,2024-08-09,Oncology,E11.9,80053,Medicaid,4993,4486.06,2451.76,506.94,2541.24,Partial,163
100062,88214,2025-11-14,Neurology,F41.9,99214,Cigna,2061,1386.01,0,674.99,2061,Denied,49
100063,50695,2025-09-17,Neurology,N39.0,36415,UnitedHealthcare,7101,6477.07,4047.81,623.93,3053.19,Partial,116
100064,21303,2024-02-11,Cardiology,F41.9,99214,UnitedHealthcare,23200,20400.56,20400.56,2799.44,2799.44,Paid,7
100065,12800,2025-11-05,Orthopedics,J18.9,85025,Blue Cross,12474,9503.8,9503.8,2970.2,2970.2,Paid,76
100066,85699,2024-03-09,Cardiology,F41.9,71046,Cigna,8815,4964.67,4964.67,3850.33,3850.33,Paid,114
100067,41717,2024-04-27,Radiology,N39.0,85025,Self-Pay,22930,21110.57,0,1819.43,22930,Denied,35
100068,41500,2024-02-15,Cardiology,J18.9,99214,Cigna,18908,14463.34,14463.34,4444.66,4444.66,Paid,173
100069,10585,2025-09-04,Oncology,F41.9,36415,Aetna,3371,1989.25,1989.25,1381.75,1381.75,Paid,110
100070,22146,2024-05-08,Emergency,N39.0,71046,UnitedHealthcare,2140,1426.95,115.48,713.05,2024.52,Pending,74
100071,42892,2025-07-02,Emergency,R07.9,99214,Self-Pay,7494,5863.14,5863.14,1630.86,1630.86,Paid,10
100072,64798,2024-08-19,Emergency,K21.9,99213,Self-Pay,15491,8964.96,8964.96,6526.04,6526.04,Paid,152
100073,59048,2024-05-03,Cardiology,R07.9,36415,Cigna,18222,13546.78,13546.78,4675.22,4675.22,Paid,0
100074,76419,2024-02-26,Cardiology,K21.9,99214,Blue Cross,2945,1875.85,1875.85,1069.15,1069.15,Paid,159
100075,51131,2024-05-17,Orthopedics,N39.0,85025,Medicare,15021,9524.59,0,5496.41,15021,Denied,122
100076,58126,2024-10-07,Emergency,K21.9,71046,Medicare,19317,14459.62,12367.05,4857.38,6949.95,Partial,72
100077,95687,2024-04-22,Emergency,M54.5,99214,Aetna,14059,10107.99,6992.91,3951.01,7066.09,Partial,41
100078,11150,2024-03-17,Orthopedics,I10,99214,UnitedHealthcare,21760,17919.89,17919.89,3840.11,3840.11,Paid,22
100079,70412,2024-02-28,Orthopedics,M54.5,93000,Medicare,14487,10351.22,10351.22,4135.78,4135.78,Paid,34
100080,46645,2025-11-14,Orthopedics,E11.9,99214,Self-Pay,15966,13142.9,13142.9,2823.1,2823.1,Paid,42
100081,40760,2024-07-20,Neurology,K21.9,93000,Medicare,14508,10968.71,10968.71,3539.29,3539.29,Paid,132
100082,12151,2024-12-08,Oncology,I10,99213,Aetna,22473,20682.08,13520.52,1790.92,8952.48,Partial,74
100083,55867,2024-06-29,Orthopedics,N39.0,36415,Blue Cross,24458,20129.18,2400.19,4328.82,22057.81,Pending,56
100084,19746,2024-02-02,Oncology,I10,36415,Blue Cross,7079,6370.04,2660.78,708.96,4418.22,Partial,130
100085,50744,2024-05-07,Emergency,M54.5,36415,Aetna,15364,12189.5,8913.11,3174.5,6450.89,Partial,109
100086,18510,2024-05-29,Pediatrics,J18.9,93000,Medicaid,24974,19277.68,2117.24,5696.32,22856.76,Pending,173
100087,56826,2024-08-22,Oncology,F41.9,70450,Medicaid,19437,16871.39,16871.39,2565.61,2565.61,Paid,134
100088,84326,2024-03-21,Cardiology,E11.9,80053,Blue Cross,24876,15170.73,15170.73,9705.27,9705.27,Paid,9
100089,30213,2024-02-24,Radiology,K21.9,99214,Cigna,14618,8761.57,3565.11,5856.43,11052.89,Partial,28
100090,47191,2025-06-18,Emergency,E11.9,80053,Medicare,18737,11239.38,7001.59,7497.62,11735.41,Partial,167
100091,53483,2025-03-26,Emergency,M54.5,93000,Medicare,10044,7321.63,7321.63,2722.37,2722.37,Paid,180
100092,35403,2025-04-24,Orthopedics,J18.9,85025,UnitedHealthcare,8316,6821.77,506.89,1494.23,7809.11,Pending,139
100093,26666,2024-06-11,Oncology,E11.9,99214,UnitedHealthcare,827,593.39,593.39,233.61,233.61,Paid,148
100094,87667,2024-11-15,Emergency,I10,99214,Self-Pay,20618,14355.4,14355.4,6262.6,6262.6,Paid,59
100095,64659,2024-08-07,Emergency,F41.9,80053,Medicare,22826,12971.88,12971.88,9854.12,9854.12,Paid,1
100096,63858,2025-06-22,Oncology,F41.9,99214,Medicaid,14583,12205.98,12205.98,2377.02,2377.02,Paid,12
100097,99389,2024-10-27,Radiology,K21.9,99213,Blue Cross,11359,9722.23,9722.23,1636.77,1636.77,Paid,133
100098,47149,2025-10-13,Oncology,E11.9,71046,UnitedHealthcare,9720,5584.99,5584.99,4135.01,4135.01,Paid,104
100099,56464,2025-03-18,Neurology,K21.9,99214,UnitedHealthcare,14007,7737.66,7737.66,6269.34,6269.34,Paid,98
100100,73705,2024-10-27,Emergency,N39.0,93000,Cigna,2555,2296.08,2296.08,258.92,258.92,Paid,142
100101,75117,2024-02-13,Pediatrics,N39.0,99213,Self-Pay,4093,3837.26,0,255.74,4093,Denied,153
100102,48415,2024-05-20,Neurology,I10,71046,Blue Cross,10421,6216.07,3016.77,4204.93,7404.23,Partial,11
100103,68014,2024-06-22,Orthopedics,M54.5,70450,UnitedHealthcare,12361,9698.56,1656.42,2662.44,10704.58,Pending,76
100104,22777,2025-07-29,Neurology,K21.9,99213,Medicaid,6284,4776.09,4776.09,1507.91,1507.91,Paid,147
100105,30524,2025-03-18,Neurology,M54.5,85025,Medicare,17926,13021.23,13021.23,4904.77,4904.77,Paid,109
100106,31479,2025-12-28,Orthopedics,F41.9,70450,UnitedHealthcare,19941,11706.2,11706.2,8234.8,8234.8,Paid,76
100107,75495,2025-06-28,Orthopedics,K21.9,36415,Medicaid,8834,7663.64,7663.64,1170.36,1170.36,Paid,118
100108,66524,2024-08-02,Pediatrics,N39.0,93000,Cigna,9328,7414.47,7414.47,1913.53,1913.53,Paid,178
100109,84226,2025-04-15,Neurology,I10,70450,Cigna,5860,3363.94,3363.94,2496.06,2496.06,Paid,31
100110,28571,2024-10-07,Oncology,J18.9,99214,Self-Pay,17879,13076.22,11732.75,4802.78,6146.25,Partial,138
100111,33424,2025-05-16,Cardiology,J18.9,71046,Blue Cross,24498,17601.1,17601.1,6896.9,6896.9,Paid,119
100112,58334,2025-08-03,Cardiology,N39.0,93000,Medicare,12208,11168.07,11168.07,1039.93,1039.93,Paid,172
100113,89448,2025-08-10,Orthopedics,R07.9,71046,Cigna,20446,15411.82,15411.82,5034.18,5034.18,Paid,79
100114,52423,2024-07-19,Pediatrics,F41.9,80053,Aetna,11074,9306.24,9306.24,1767.76,1767.76,Paid,154
100115,73171,2024-07-02,Radiology,F41.9,93000,Medicare,4270,3737.21,2429.94,532.79,1840.06,Partial,123
100116,10692,2025-12-16,Pediatrics,R07.9,93000,Medicaid,1710,1457.47,774.6,252.53,935.4,Partial,81
100117,80525,2024-10-16,Emergency,N39.0,93000,Cigna,9595,8316.33,0,1278.67,9595,Denied,148
100118,99159,2025-04-01,Cardiology,N39.0,99214,Medicare,717,586.11,521.31,130.89,195.69,Partial,28
100119,46598,2024-08-17,Cardiology,E11.9,80053,Cigna,17954,16993.34,16993.34,960.66,960.66,Paid,67
100120,98348,2025-06-02,Emergency,R07.9,70450,Aetna,6148,3700.31,3700.31,2447.69,2447.69,Paid,83
100121,44046,2024-03-28,Pediatrics,M54.5,93000,UnitedHealthcare,14993,9717.89,9717.89,5275.11,5275.11,Paid,74
100122,71052,2025-11-16,Emergency,E11.9,71046,Cigna,278,243.33,243.33,34.67,34.67,Paid,9
100123,52065,2025-08-22,Cardiology,N39.0,70450,Medicare,22233,12237.74,0,9995.26,22233,Denied,61
100124,74172,2024-05-04,Cardiology,M54.5,99213,Cigna,5379,4868.48,4868.48,510.52,510.52,Paid,169
100125,46778,2024-05-23,Radiology,M54.5,85025,Aetna,15402,11150.7,6396.68,4251.3,9005.32,Partial,97
100126,87241,2024-02-10,Emergency,K21.9,99214,UnitedHealthcare,6978,4111.54,2498,2866.46,4480,Partial,77
100127,86384,2025-03-10,Emergency,I10,70450,UnitedHealthcare,17855,12557.07,12557.07,5297.93,5297.93,Paid,155
100128,23874,2025-12-01,Cardiology,N39.0,80053,Medicare,2909,1684.01,1684.01,1224.99,1224.99,Paid,103
100129,25477,2024-08-21,Cardiology,J18.9,71046,Aetna,21069,11879.58,11879.58,9189.42,9189.42,Paid,81
100130,52909,2025-06-30,Neurology,J18.9,71046,UnitedHealthcare,1834,1345.52,1345.52,488.48,488.48,Paid,61
100131,24235,2025-04-26,Cardiology,N39.0,36415,Aetna,13086,8909.41,0,4176.59,13086,Denied,123
100132,30310,2024-11-06,Emergency,E11.9,93000,Aetna,8008,5632.9,5632.9,2375.1,2375.1,Paid,88
100133,94852,2025-01-13,Neurology,I10,36415,Medicare,24169,14501.6,14501.6,9667.4,9667.4,Paid,17
100134,21433,2025-12-26,Radiology,K21.9,80053,Medicaid,22483,19039.02,0,3443.98,22483,Denied,134
100135,22695,2025-07-07,Emergency,E11.9,71046,Medicaid,2323,1936.31,0,386.69,2323,Denied,71
100136,42577,2025-07-22,Neurology,K21.9,70450,Aetna,15703,12396.91,9212.71,3306.09,6490.29,Partial,143
100137,68325,2025-07-04,Cardiology,R07.9,36415,Blue Cross,6183,4194.88,4194.88,1988.12,1988.12,Paid,33
100138,79216,2024-05-11,Neurology,E11.9,85025,Blue Cross,4133,3541.65,3541.65,591.35,591.35,Paid,94
100139,10012,2024-09-18,Oncology,J18.9,36415,UnitedHealthcare,6702,5397.51,5397.51,1304.49,1304.49,Paid,49
100140,51666,2024-03-05,Oncology,E11.9,85025,Medicaid,9014,7473.59,7473.59,1540.41,1540.41,Paid,117
100141,34834,2024-03-19,Neurology,E11.9,99213,Cigna,5102,3208.25,3208.25,1893.75,1893.75,Paid,63
100142,93782,2025-04-28,Oncology,N39.0,80053,Self-Pay,23958,16926.87,16926.87,7031.13,7031.13,Paid,18
100143,37878,2024-03-28,Radiology,R07.9,93000,Self-Pay,6906,4477.89,2019.58,2428.11,4886.42,Partial,25
100144,20006,2025-04-08,Emergency,N39.0,99213,Aetna,859,662.68,662.68,196.32,196.32,Paid,28
100145,34134,2025-12-03,Orthopedics,F41.9,70450,Medicare,11757,7816.87,7816.87,3940.13,3940.13,Paid,66
100146,33384,2025-02-21,Orthopedics,N39.0,99214,Blue Cross,10258,7824.73,7824.73,2433.27,2433.27,Paid,112
100147,93656,2024-02-05,Pediatrics,N39.0,93000,Self-Pay,8021,5083.29,5083.29,2937.71,2937.71,Paid,152
100148,50598,2024-07-16,Emergency,R07.9,99214,UnitedHealthcare,9246,6707.53,6707.53,2538.47,2538.47,Paid,174
100149,29763,2024-07-04,Oncology,J18.9,99213,Self-Pay,21090,17696.36,17696.36,3393.64,3393.64,Paid,164
100150,41644,2025-04-07,Emergency,R07.9,80053,Aetna,1135,766.43,609.78,368.57,525.22,Partial,133
100151,34702,2024-09-13,Emergency,I10,99214,Self-Pay,1001,839.79,839.79,161.21,161.21,Paid,74
100152,96266,2024-11-08,Pediatrics,M54.5,71046,UnitedHealthcare,10764,9129.02,2440.25,1634.98,8323.75,Pending,62
100153,34158,2024-10-09,Orthopedics,K21.9,93000,Self-Pay,11083,7479.86,6265.06,3603.14,4817.94,Partial,101
100154,80846,2024-02-03,Radiology,R07.9,71046,Medicare,24665,22623.4,22623.4,2041.6,2041.6,Paid,108
100155,27906,2025-04-02,Radiology,F41.9,85025,Medicare,11056,7952.29,7952.29,3103.71,3103.71,Paid,110
100156,97946,2025-10-29,Oncology,F41.9,99214,Blue Cross,21204,14207.7,14207.7,6996.3,6996.3,Paid,70
100157,11950,2024-02-07,Cardiology,J18.9,99214,Aetna,11742,6644.62,6644.62,5097.38,5097.38,Paid,58
100158,30361,2024-12-18,Radiology,K21.9,93000,UnitedHealthcare,12784,7890.47,7890.47,4893.53,4893.53,Paid,66
100159,61124,2025-09-28,Neurology,E11.9,70450,Medicare,14618,11760.47,11760.47,2857.53,2857.53,Paid,74
100160,33250,2024-07-31,Neurology,M54.5,70450,Blue Cross,17365,11349.01,11349.01,6015.99,6015.99,Paid,76
100161,90794,2024-06-19,Radiology,F41.9,80053,Cigna,6131,3726.5,2722.96,2404.5,3408.04,Partial,64
100162,37845,2025-06-13,Oncology,K21.9,93000,Self-Pay,14737,9653.22,9653.22,5083.78,5083.78,Paid,9
100163,12692,2025-12-31,Emergency,J18.9,80053,Cigna,17312,16194.73,4672.05,1117.27,12639.95,Pending,124
100164,24956,2024-01-25,Cardiology,E11.9,99214,Cigna,13865,12063.36,509.18,1801.64,13355.82,Pending,179
100165,63064,2024-07-11,Orthopedics,I10,36415,Medicaid,2304,2143.62,2143.62,160.38,160.38,Paid,40
100166,71077,2024-03-03,Emergency,R07.9,93000,Cigna,24780,20591.67,20591.67,4188.33,4188.33,Paid,2
100167,57860,2025-04-01,Cardiology,J18.9,80053,Medicare,5247,3119.66,3119.66,2127.34,2127.34,Paid,87
100168,92260,2025-01-15,Oncology,K21.9,80053,Aetna,19309,11993.21,9411.35,7315.79,9897.65,Partial,20
100169,95349,2025-10-26,Radiology,F41.9,71046,Blue Cross,9038,8160.56,8160.56,877.44,877.44,Paid,132
100170,52822,2025-12-31,Neurology,K21.9,99213,Blue Cross,18110,10467.07,10467.07,7642.93,7642.93,Paid,50
100171,26167,2025-06-28,Radiology,I10,85025,UnitedHealthcare,15125,9923.87,4572.28,5201.13,10552.72,Partial,174
100172,51316,2025-08-19,Cardiology,E11.9,36415,UnitedHealthcare,2744,1759.77,1759.77,984.23,984.23,Paid,122
100173,67952,2025-08-24,Cardiology,K21.9,85025,Self-Pay,24073,17433.47,17433.47,6639.53,6639.53,Paid,158
100174,39015,2024-10-15,Oncology,K21.9,85025,Self-Pay,5872,3628.67,3628.67,2243.33,2243.33,Paid,56
100175,39611,2025-01-27,Cardiology,K21.9,70450,Blue Cross,16908,10328.04,7001.61,6579.96,9906.39,Partial,178
100176,65615,2025-08-02,Radiology,F41.9,99214,Medicare,17631,13517.26,13517.26,4113.74,4113.74,Paid,122
100177,18518,2024-05-02,Radiology,R07.9,99213,Aetna,8572,6785.35,1626,1786.65,6946,Pending,75
100178,79123,2025-09-03,Radiology,N39.0,70450,Blue Cross,13564,11083.34,11083.34,2480.66,2480.66,Paid,146
100179,30055,2025-02-07,Radiology,I10,99213,Medicare,16694,9879.06,9879.06,6814.94,6814.94,Paid,122
100180,37847,2025-01-16,Orthopedics,J18.9,36415,Medicaid,7650,5189.41,3147.95,2460.59,4502.05,Partial,50
100181,73965,2025-04-04,Emergency,K21.9,99213,Medicaid,6878,5981.3,4026.48,896.7,2851.52,Partial,126
100182,65343,2024-03-04,Orthopedics,I10,93000,Blue Cross,13155,12360.74,12360.74,794.26,794.26,Paid,55
100183,21672,2025-11-03,Cardiology,R07.9,99214,UnitedHealthcare,24869,23539.1,23539.1,1329.9,1329.9,Paid,136
100184,98944,2024-11-10,Neurology,I10,71046,UnitedHealthcare,13799,12368.64,12368.64,1430.36,1430.36,Paid,23
100185,54321,2025-11-06,Emergency,M54.5,36415,UnitedHealthcare,24018,20727.82,17003.95,3290.18,7014.05,Partial,72
100186,53747,2024-03-22,Emergency,I10,93000,Blue Cross,6473,4163.22,2067.26,2309.78,4405.74,Partial,146
100187,74704,2025-05-07,Pediatrics,E11.9,99214,UnitedHealthcare,4869,3288.03,3288.03,1580.97,1580.97,Paid,148
100188,99129,2024-11-04,Cardiology,J18.9,85025,Blue Cross,13368,10567.24,10567.24,2800.76,2800.76,Paid,28
100189,45397,2025-11-18,Orthopedics,F41.9,85025,Medicaid,4395,3951.71,2083.05,443.29,2311.95,Partial,28
100190,30855,2025-11-07,Neurology,I10,80053,Self-Pay,13672,12204.39,31.62,1467.61,13640.38,Pending,126
100191,93379,2024-01-28,Neurology,J18.9,71046,Blue Cross,11621,10349.43,10349.43,1271.57,1271.57,Paid,2
100192,19831,2024-02-25,Emergency,N39.0,70450,Medicare,19524,14981.87,14981.87,4542.13,4542.13,Paid,112
100193,99854,2024-10-09,Radiology,F41.9,99213,Self-Pay,23262,17589.4,17589.4,5672.6,5672.6,Paid,11
100194,49605,2025-10-13,Radiology,E11.9,85025,UnitedHealthcare,24341,21779.57,21779.57,2561.43,2561.43,Paid,115
100195,61592,2025-09-27,Radiology,N39.0,71046,Aetna,8407,7081.74,1533.59,1325.26,6873.41,Pending,117
100196,40151,2025-10-08,Oncology,I10,99213,Blue Cross,326,188.26,188.26,137.74,137.74,Paid,74
100197,38452,2024-08-25,Radiology,J18.9,80053,Cigna,6377,5903.79,5903.79,473.21,473.21,Paid,99
100198,68336,2025-06-16,Cardiology,E11.9,85025,Self-Pay,15798,13364.47,13364.47,2433.53,2433.53,Paid,105
100199,76430,2024-05-09,Pediatrics,I10,71046,UnitedHealthcare,24693,18837.34,18837.34,5855.66,5855.66,Paid,163
100200,48336,2025-10-05,Orthopedics,F41.9,71046,Aetna,13638,9744.61,871.48,3893.39,12766.52,Pending,174
100201,25925,2024-08-14,Orthopedics,R07.9,99214,Medicaid,11173,7363.9,1428.6,3809.1,9744.4,Pending,169
100202,80768,2024-08-20,Radiology,J18.9,71046,Cigna,2334,1325.9,1325.9,1008.1,1008.1,Paid,81
100203,65146,2024-12-20,Oncology,M54.5,71046,Medicare,23905,13172.63,10665.08,10732.37,13239.92,Partial,126
100204,97642,2025-12-27,Pediatrics,E11.9,99213,Medicare,5899,4604.86,2782.42,1294.14,3116.58,Partial,23
100205,18255,2024-09-06,Emergency,R07.9,99214,Aetna,20576,14287.29,14287.29,6288.71,6288.71,Paid,60
100206,50131,2024-05-26,Cardiology,M54.5,71046,Cigna,12000,8405.1,0,3594.9,12000,Denied,173
100207,52421,2024-06-29,Oncology,F41.9,99213,Medicare,21585,16676.57,16676.57,4908.43,4908.43,Paid,27
100208,31125,2024-10-19,Radiology,E11.9,71046,Aetna,13300,11797.89,11797.89,1502.11,1502.11,Paid,5
100209,45593,2024-03-01,Emergency,J18.9,70450,UnitedHealthcare,18843,10898.5,0,7944.5,18843,Denied,98
100210,54707,2024-03-24,Pediatrics,N39.0,36415,Cigna,24357,15194.37,6784.61,9162.63,17572.39,Partial,147
100211,56504,2025-10-14,Orthopedics,J18.9,93000,Self-Pay,22728,16994.59,16994.59,5733.41,5733.41,Paid,136
100212,11286,2025-01-12,Pediatrics,R07.9,71046,Aetna,1734,1038.75,1038.75,695.25,695.25,Paid,173
100213,17433,2025-02-28,Neurology,K21.9,99214,Medicare,17172,11789.06,11789.06,5382.94,5382.94,Paid,32
100214,23288,2024-11-25,Cardiology,J18.9,80053,Aetna,3803,3176.27,1522.73,626.73,2280.27,Partial,162
100215,59657,2025-11-07,Orthopedics,N39.0,99213,Medicaid,13102,7909.95,97.25,5192.05,13004.75,Pending,86
100216,82879,2024-06-22,Neurology,N39.0,99213,UnitedHealthcare,509,473.81,473.81,35.19,35.19,Paid,10
100217,26350,2024-01-12,Orthopedics,K21.9,85025,UnitedHealthcare,6799,4159.06,4159.06,2639.94,2639.94,Paid,20
100218,23424,2025-01-12,Neurology,K21.9,93000,Cigna,17761,10098.25,10098.25,7662.75,7662.75,Paid,55
100219,85462,2025-02-17,Orthopedics,N39.0,71046,Blue Cross,23284,19224.79,19224.79,4059.21,4059.21,Paid,58
100220,97702,2025-09-25,Emergency,E11.9,85025,UnitedHealthcare,19934,12033.1,12033.1,7900.9,7900.9,Paid,46
100221,55618,2024-02-24,Radiology,R07.9,36415,Aetna,12368,7852.07,1516.98,4515.93,10851.02,Pending,38
100222,95979,2025-02-10,Orthopedics,M54.5,99213,Medicare,8948,6806.18,0,2141.82,8948,Denied,147
100223,46200,2024-07-17,Cardiology,I10,36415,Medicare,8535,6875.82,0,1659.18,8535,Denied,128
100224,90009,2024-10-13,Oncology,F41.9,99214,Aetna,22332,18881.91,18881.91,3450.09,3450.09,Paid,20
100225,80684,2024-12-01,Emergency,J18.9,85025,Aetna,23018,20304.76,470.66,2713.24,22547.34,Pending,81
100226,93476,2025-07-21,Emergency,J18.9,93000,UnitedHealthcare,19853,11954.43,11954.43,7898.57,7898.57,Paid,158
100227,61142,2025-04-04,Pediatrics,J18.9,85025,Cigna,19566,16124.85,0,3441.15,19566,Denied,136
100228,53353,2024-02-08,Oncology,E11.9,99214,Cigna,12485,11765.47,11765.47,719.53,719.53,Paid,61
100229,58418,2025-02-13,Radiology,N39.0,85025,UnitedHealthcare,16735,14866.93,10155.21,1868.07,6579.79,Partial,46
100230,37064,2024-02-19,Oncology,F41.9,71046,Medicare,9562,8357.66,8357.66,1204.34,1204.34,Paid,89
100231,84178,2024-04-24,Orthopedics,K21.9,36415,Aetna,19510,15834.66,0,3675.34,19510,Denied,82
100232,61323,2025-07-06,Cardiology,E11.9,99214,UnitedHealthcare,9658,8141.97,0,1516.03,9658,Denied,76
100233,57096,2025-05-08,Radiology,N39.0,71046,Cigna,18555,11888.3,11888.3,6666.7,6666.7,Paid,161
100234,13479,2025-01-17,Pediatrics,E11.9,80053,Aetna,20759,16706.41,16706.41,4052.59,4052.59,Paid,88
100235,10296,2024-07-09,Orthopedics,K21.9,80053,Medicaid,22577,14161.54,14161.54,8415.46,8415.46,Paid,100
100236,77607,2024-05-01,Oncology,N39.0,71046,Blue Cross,2877,1704.63,153.98,1172.37,2723.02,Pending,88
100237,13710,2024-04-14,Radiology,F41.9,80053,Aetna,7526,5997.09,5997.09,1528.91,1528.91,Paid,115
100238,77510,2025-04-26,Pediatrics,M54.5,36415,Cigna,17116,9789.89,0,7326.11,17116,Denied,84
100239,27638,2024-06-26,Cardiology,M54.5,99214,Cigna,20594,17163.22,17163.22,3430.78,3430.78,Paid,15
100240,55757,2024-03-11,Emergency,F41.9,71046,Cigna,18147,10640.69,0,7506.31,18147,Denied,152
100241,22660,2025-07-31,Neurology,J18.9,99214,Medicaid,1934,1427.13,0,506.87,1934,Denied,161
100242,15336,2024-01-27,Cardiology,J18.9,36415,Self-Pay,21514,14845.44,9839.81,6668.56,11674.19,Partial,115
100243,23992,2024-10-28,Orthopedics,F41.9,36415,Medicare,19755,17350.3,17350.3,2404.7,2404.7,Paid,30
100244,94454,2025-08-10,Pediatrics,I10,99213,Cigna,9166,5748.23,5748.23,3417.77,3417.77,Paid,40
100245,33028,2024-01-10,Radiology,M54.5,85025,Cigna,22241,16401.66,9545.29,5839.34,12695.71,Partial,142
100246,19478,2024-09-21,Oncology,M54.5,80053,Medicare,9754,7830.41,7830.41,1923.59,1923.59,Paid,19
100247,43037,2025-01-08,Orthopedics,M54.5,71046,Medicaid,24481,16499.88,7318.65,7981.12,17162.35,Partial,116
100248,76582,2024-03-05,Pediatrics,K21.9,99213,Medicaid,5433,3772.78,1652.84,1660.22,3780.16,Partial,3
100249,35706,2025-01-07,Emergency,K21.9,99213,Cigna,9641,7883.05,7883.05,1757.95,1757.95,Paid,93
100250,14544,2024-09-24,Neurology,J18.9,85025,Blue Cross,4396,3071.74,3071.74,1324.26,1324.26,Paid,22
100251,16664,2025-07-31,Emergency,E11.9,99214,Medicaid,13265,7686.81,3812.55,5578.19,9452.45,Partial,108
100252,36776,2025-08-08,Pediatrics,K21.9,85025,Aetna,2376,1837.97,1837.97,538.03,538.03,Paid,153
100253,12132,2024-10-08,Orthopedics,K21.9,99213,Medicare,14012,9667.8,4988.14,4344.2,9023.86,Partial,111
100254,40516,2024-06-13,Cardiology,M54.5,99214,Aetna,3457,3252.58,3252.58,204.42,204.42,Paid,124
100255,95000,2025-04-05,Orthopedics,I10,71046,UnitedHealthcare,3956,2185.55,2185.55,1770.45,1770.45,Paid,71
100256,25404,2024-01-08,Oncology,M54.5,85025,Blue Cross,18719,11935.71,11935.71,6783.29,6783.29,Paid,78
100257,32913,2024-09-06,Cardiology,E11.9,99214,Medicaid,3517,2328.94,2328.94,1188.06,1188.06,Paid,174
100258,98938,2025-11-20,Oncology,N39.0,70450,UnitedHealthcare,19147,14462.85,14462.85,4684.15,4684.15,Paid,113
100259,38892,2024-10-16,Radiology,E11.9,71046,Medicare,4108,2330,2330,1778,1778,Paid,106
100260,92475,2025-05-18,Pediatrics,J18.9,70450,Medicare,21490,12570.31,12570.31,8919.69,8919.69,Paid,173
100261,63679,2025-12-12,Oncology,J18.9,99213,UnitedHealthcare,5753,4395.87,4395.87,1357.13,1357.13,Paid,34
100262,11182,2024-01-12,Orthopedics,E11.9,99213,Blue Cross,1045,717.18,0,327.82,1045,Denied,5
100263,77726,2024-10-14,Emergency,N39.0,85025,Medicaid,14368,13012.3,10979.83,1355.7,3388.17,Partial,132
100264,17199,2025-02-08,Cardiology,I10,99213,Aetna,1086,1014.89,1014.89,71.11,71.11,Paid,26
100265,70585,2024-08-03,Cardiology,F41.9,80053,Aetna,17340,14451.27,0,2888.73,17340,Denied,64
100266,70575,2024-05-06,Emergency,I10,36415,Aetna,22014,14333.63,4223.63,7680.37,17790.37,Pending,133
100267,40959,2025-03-20,Neurology,N39.0,80053,Self-Pay,10495,6170.05,6170.05,4324.95,4324.95,Paid,0
100268,91305,2024-06-25,Radiology,R07.9,71046,Self-Pay,5899,5028.41,5028.41,870.59,870.59,Paid,131
100269,95781,2025-06-29,Cardiology,M54.5,99214,Medicaid,18653,16982.71,8516.74,1670.29,10136.26,Partial,111
100270,99025,2024-09-06,Oncology,F41.9,85025,Medicaid,8405,7338.93,7338.93,1066.07,1066.07,Paid,145
100271,18445,2025-09-21,Cardiology,J18.9,85025,Cigna,8479,4909.28,0,3569.72,8479,Denied,38
100272,80498,2024-05-14,Cardiology,M54.5,80053,UnitedHealthcare,4409,3181.64,0,1227.36,4409,Denied,76
100273,33790,2025-04-30,Neurology,F41.9,85025,Aetna,14788,8715.36,8715.36,6072.64,6072.64,Paid,22
100274,53785,2025-02-08,Radiology,M54.5,80053,UnitedHealthcare,11042,7527.9,5348.45,3514.1,5693.55,Partial,177
100275,84484,2024-04-08,Emergency,K21.9,99213,Blue Cross,695,621.69,540.75,73.31,154.25,Partial,109
100276,85773,2025-01-16,Oncology,J18.9,85025,Self-Pay,18046,14235.92,14235.92,3810.08,3810.08,Paid,99
100277,81416,2024-12-20,Pediatrics,N39.0,80053,Medicare,16931,10287.87,10287.87,6643.13,6643.13,Paid,88
100278,90420,2025-04-01,Cardiology,E11.9,85025,UnitedHealthcare,4375,3139.34,3139.34,1235.66,1235.66,Paid,129
100279,64353,2024-05-02,Radiology,E11.9,99214,Self-Pay,12284,8495.1,6102,3788.9,6182,Partial,3
100280,92763,2024-01-09,Orthopedics,N39.0,80053,Cigna,20738,15888.53,0,4849.47,20738,Denied,4
100281,83539,2025-09-16,Orthopedics,M54.5,71046,Medicare,22263,14462.17,14462.17,7800.83,7800.83,Paid,120
100282,46289,2025-03-30,Oncology,R07.9,80053,Cigna,3528,3239.95,3239.95,288.05,288.05,Paid,157
100283,76435,2025-04-14,Radiology,R07.9,93000,Cigna,19301,15957.11,15957.11,3343.89,3343.89,Paid,31
100284,51471,2024-10-14,Pediatrics,F41.9,70450,Cigna,22398,17671.06,17671.06,4726.94,4726.94,Paid,13
100285,26141,2025-01-21,Oncology,N39.0,93000,Medicare,18938,16743.76,16743.76,2194.24,2194.24,Paid,165
100286,37843,2024-12-07,Cardiology,M54.5,99213,Blue Cross,7174,5329.05,0,1844.95,7174,Denied,20
100287,84424,2024-09-12,Oncology,R07.9,36415,Cigna,23050,17501.03,0,5548.97,23050,Denied,129
100288,28008,2025-06-06,Cardiology,R07.9,70450,Self-Pay,4123,3581.11,3581.11,541.89,541.89,Paid,29
100289,90781,2024-10-01,Radiology,K21.9,93000,Medicaid,14987,8986.27,8986.27,6000.73,6000.73,Paid,76
100290,85968,2024-10-01,Pediatrics,I10,36415,Cigna,11643,6566.62,6566.62,5076.38,5076.38,Paid,40
100291,21178,2024-06-21,Oncology,N39.0,70450,UnitedHealthcare,15680,10882.75,10882.75,4797.25,4797.25,Paid,121
100292,11266,2025-03-14,Cardiology,I10,70450,Medicare,21373,19861.48,16371.22,1511.52,5001.78,Partial,25
100293,51667,2024-01-02,Cardiology,F41.9,85025,Medicare,14965,8355.97,8355.97,6609.03,6609.03,Paid,76
100294,30254,2024-03-13,Radiology,N39.0,36415,Self-Pay,10944,6667.7,6667.7,4276.3,4276.3,Paid,92
100295,80714,2024-02-04,Radiology,F41.9,85025,Blue Cross,8082,6418.71,3617.72,1663.29,4464.28,Partial,168
100296,60786,2024-06-06,Orthopedics,M54.5,99214,UnitedHealthcare,24773,14290.14,14290.14,10482.86,10482.86,Paid,39
100297,85112,2024-05-31,Cardiology,R07.9,70450,Medicare,11737,9323.55,5729.11,2413.45,6007.89,Partial,59
100298,35846,2024-01-03,Neurology,N39.0,85025,Medicaid,3443,2454.54,2454.54,988.46,988.46,Paid,18
100299,65716,2025-06-27,Emergency,M54.5,36415,Medicare,19648,18309.24,18309.24,1338.76,1338.76,Paid,178
100300,91091,2025-12-04,Radiology,M54.5,71046,Cigna,20036,17672.39,17672.39,2363.61,2363.61,Paid,19
100301,37682,2025-05-14,Neurology,M54.5,93000,Medicare,10426,8212.65,5200.19,2213.35,5225.81,Partial,74
100302,19315,2025-03-18,Oncology,N39.0,93000,Self-Pay,20533,13737.28,7668.15,6795.72,12864.85,Partial,168
100303,84879,2024-03-05,Neurology,M54.5,36415,UnitedHealthcare,5720,4043.69,4043.69,1676.31,1676.31,Paid,175
100304,17353,2025-07-05,Cardiology,E11.9,99214,Medicare,4044,3342.43,2158.48,701.57,1885.52,Partial,155
100305,44896,2024-11-07,Oncology,I10,99213,Cigna,24779,16108.65,11292.19,8670.35,13486.81,Partial,48
100306,59100,2024-07-15,Neurology,I10,36415,Aetna,21599,12623.69,223.41,8975.31,21375.59,Pending,159
100307,17998,2025-09-16,Radiology,J18.9,80053,Cigna,9588,7629.33,0,1958.67,9588,Denied,157
100308,22177,2024-11-05,Cardiology,M54.5,70450,Blue Cross,15522,14664,10478.32,858,5043.68,Partial,167
100309,10242,2025-09-11,Neurology,K21.9,85025,UnitedHealthcare,17592,10723.26,10723.26,6868.74,6868.74,Paid,18
100310,28762,2024-01-31,Orthopedics,K21.9,70450,UnitedHealthcare,8538,7391.76,7391.76,1146.24,1146.24,Paid,116
100311,28468,2025-05-29,Emergency,N39.0,85025,Medicaid,6943,6275.04,0,667.96,6943,Denied,162
100312,99194,2025-08-06,Neurology,M54.5,85025,Aetna,6186,4094.99,4094.99,2091.01,2091.01,Paid,61
100313,23955,2024-03-08,Cardiology,M54.5,71046,Medicare,24140,21673.19,21673.19,2466.81,2466.81,Paid,72
100314,33970,2025-08-14,Emergency,J18.9,99214,Self-Pay,3262,2500.44,2500.44,761.56,761.56,Paid,66
100315,46716,2025-11-10,Neurology,M54.5,80053,Medicaid,21312,12546.93,12546.93,8765.07,8765.07,Paid,125
100316,71659,2024-03-16,Pediatrics,K21.9,71046,Blue Cross,8265,6567,0,1698,8265,Denied,150
100317,90744,2025-04-06,Neurology,I10,93000,Cigna,5926,4301.22,4301.22,1624.78,1624.78,Paid,67
100318,50310,2025-09-28,Emergency,N39.0,99214,UnitedHealthcare,13403,12293.57,2495.48,1109.43,10907.52,Pending,115
100319,42954,2025-07-13,Radiology,N39.0,36415,Medicaid,17307,10678.09,10678.09,6628.91,6628.91,Paid,3
100320,50478,2025-01-14,Oncology,J18.9,70450,UnitedHealthcare,15171,10881.46,7794.61,4289.54,7376.39,Partial,10
100321,12109,2024-10-05,Radiology,J18.9,85025,Medicare,650,491.79,491.79,158.21,158.21,Paid,121
100322,65196,2024-04-11,Pediatrics,F41.9,99214,Cigna,16299,10451.22,10451.22,5847.78,5847.78,Paid,141
100323,81892,2024-07-11,Emergency,I10,36415,Medicare,1414,805.57,439.92,608.43,974.08,Partial,130
100324,80928,2025-12-03,Pediatrics,F41.9,71046,Aetna,374,348.69,239.81,25.31,134.19,Partial,150
100325,60576,2025-05-25,Neurology,R07.9,71046,Aetna,18298,11467.13,11467.13,6830.87,6830.87,Paid,62
100326,43625,2024-01-30,Oncology,I10,99213,Blue Cross,21712,12576.12,7638.43,9135.88,14073.57,Partial,104
100327,65898,2025-04-05,Pediatrics,K21.9,36415,Medicare,15171,8895.41,1631.87,6275.59,13539.13,Pending,168
100328,85293,2024-02-12,Oncology,I10,99213,Aetna,1404,839.11,839.11,564.89,564.89,Paid,125
100329,10067,2024-11-12,Oncology,N39.0,36415,UnitedHealthcare,19831,13361.59,13361.59,6469.41,6469.41,Paid,18
100330,55796,2025-02-25,Pediatrics,F41.9,99213,Medicare,4636,3891.88,3891.88,744.12,744.12,Paid,93
100331,99232,2024-12-15,Orthopedics,M54.5,99214,UnitedHealthcare,24374,18337.24,8853.32,6036.76,15520.68,Partial,105
100332,18368,2025-07-02,Radiology,I10,99214,Aetna,21107,11911.1,11911.1,9195.9,9195.9,Paid,70
100333,44232,2025-11-05,Oncology,N39.0,99214,Aetna,21569,14736.9,14736.9,6832.1,6832.1,Paid,78
100334,85354,2024-10-18,Emergency,K21.9,70450,Blue Cross,2280,2012.35,1156.85,267.65,1123.15,Partial,157
100335,42327,2024-11-27,Emergency,R07.9,99214,Blue Cross,17622,12381.33,12381.33,5240.67,5240.67,Paid,75
100336,84233,2025-08-20,Radiology,K21.9,85025,Cigna,24680,16473.46,16473.46,8206.54,8206.54,Paid,135
100337,72169,2025-10-08,Emergency,M54.5,99214,UnitedHealthcare,459,285.82,285.82,173.18,173.18,Paid,62
100338,69067,2025-01-01,Oncology,M54.5,70450,Medicaid,2181,1743.37,306.36,437.63,1874.64,Pending,45
100339,95243,2025-10-15,Oncology,R07.9,99213,Self-Pay,9167,8322.69,8322.69,844.31,844.31,Paid,135
100340,18069,2024-11-14,Orthopedics,K21.9,99214,Blue Cross,7914,5083.2,0,2830.8,7914,Denied,158
100341,45525,2024-11-12,Cardiology,F41.9,99214,Self-Pay,15277,8856.95,1381.42,6420.05,13895.58,Pending,6
100342,78827,2024-12-18,Pediatrics,R07.9,80053,Self-Pay,16564,9448.05,974.68,7115.95,15589.32,Pending,44
100343,59875,2024-01-10,Emergency,K21.9,99213,Medicaid,2178,2021.23,383.17,156.77,1794.83,Pending,83
100344,49139,2025-03-31,Pediatrics,M54.5,85025,UnitedHealthcare,3487,2539.07,1433.48,947.93,2053.52,Partial,81
100345,22583,2024-01-30,Pediatrics,F41.9,85025,Medicare,13593,10570.1,2549.16,3022.9,11043.84,Pending,178
100346,79796,2025-12-04,Cardiology,J18.9,71046,UnitedHealthcare,23183,19434.75,19434.75,3748.25,3748.25,Paid,103
100347,59907,2025-12-12,Orthopedics,I10,85025,Medicaid,24831,20719.67,0,4111.33,24831,Denied,38
100348,27831,2025-11-25,Orthopedics,E11.9,93000,Self-Pay,13312,10814.21,10814.21,2497.79,2497.79,Paid,111
100349,74953,2025-04-29,Emergency,K21.9,36415,Blue Cross,6725,4839.62,4839.62,1885.38,1885.38,Paid,110
100350,73189,2025-04-04,Cardiology,E11.9,71046,UnitedHealthcare,9173,6437.95,3415.04,2735.05,5757.96,Partial,142
100351,82728,2024-11-14,Emergency,R07.9,36415,Self-Pay,11143,8803.49,8803.49,2339.51,2339.51,Paid,33
100352,19999,2025-09-11,Pediatrics,N39.0,99214,Medicaid,20223,13159.97,13159.97,7063.03,7063.03,Paid,18
100353,18676,2025-04-06,Oncology,M54.5,99213,Aetna,1626,1086.49,1086.49,539.51,539.51,Paid,174
100354,85044,2025-08-20,Pediatrics,E11.9,80053,Aetna,24384,19023.17,0,5360.83,24384,Denied,0
100355,92061,2025-11-12,Neurology,N39.0,70450,Cigna,22621,12823.52,12823.52,9797.48,9797.48,Paid,62
100356,50923,2025-02-25,Neurology,F41.9,36415,Aetna,17127,14125.54,14125.54,3001.46,3001.46,Paid,156
100357,54027,2025-10-15,Neurology,I10,80053,Blue Cross,19208,15141.63,9535.3,4066.37,9672.7,Partial,86
100358,26147,2024-08-28,Pediatrics,E11.9,36415,UnitedHealthcare,2613,1608.15,1608.15,1004.85,1004.85,Paid,147
100359,99295,2024-12-08,Oncology,K21.9,99214,Self-Pay,14026,9079.96,9079.96,4946.04,4946.04,Paid,158
100360,46232,2025-01-22,Pediatrics,M54.5,70450,UnitedHealthcare,6870,3980.29,3980.29,2889.71,2889.71,Paid,117
100361,18009,2024-06-13,Oncology,R07.9,80053,UnitedHealthcare,2374,2002.7,1629.83,371.3,744.17,Partial,8
100362,62149,2025-11-01,Orthopedics,K21.9,99214,Blue Cross,11307,8367.65,8367.65,2939.35,2939.35,Paid,98
100363,57717,2024-10-25,Emergency,I10,85025,Medicare,967,822.16,822.16,144.84,144.84,Paid,53
100364,35662,2024-08-27,Radiology,E11.9,99214,UnitedHealthcare,24243,17064.14,17064.14,7178.86,7178.86,Paid,66
100365,42172,2024-02-25,Pediatrics,K21.9,99213,Aetna,16851,13569.37,13569.37,3281.63,3281.63,Paid,133
100366,59487,2024-06-16,Oncology,J18.9,70450,Cigna,22242,13437.02,9490.16,8804.98,12751.84,Partial,7
100367,38346,2024-07-30,Oncology,N39.0,99214,Medicare,1656,1332.86,865.05,323.14,790.95,Partial,4
100368,90589,2025-12-25,Emergency,F41.9,99213,UnitedHealthcare,16376,10196.73,8028.21,6179.27,8347.79,Partial,148
100369,23339,2024-03-02,Orthopedics,R07.9,99213,Medicare,8531,8016.49,0,514.51,8531,Denied,13
100370,92956,2024-09-16,Radiology,N39.0,85025,Cigna,12710,9086.9,9086.9,3623.1,3623.1,Paid,148
100371,30967,2025-12-17,Oncology,R07.9,80053,Blue Cross,14888,10329.71,4270.46,4558.29,10617.54,Partial,175
100372,17883,2025-08-19,Emergency,J18.9,80053,Self-Pay,5021,4384.73,1910.21,636.27,3110.79,Partial,12
100373,48726,2024-08-16,Orthopedics,M54.5,70450,Blue Cross,4969,4169.76,4169.76,799.24,799.24,Paid,148
100374,88501,2025-01-03,Pediatrics,F41.9,71046,UnitedHealthcare,1528,1333.69,607.4,194.31,920.6,Partial,134
100375,17105,2025-03-30,Emergency,F41.9,99213,Cigna,22896,21617.79,21617.79,1278.21,1278.21,Paid,9
100376,37604,2024-10-18,Neurology,J18.9,70450,Self-Pay,21563,18743.48,18743.48,2819.52,2819.52,Paid,100
100377,52613,2024-12-11,Orthopedics,J18.9,99213,UnitedHealthcare,4435,3391.9,3391.9,1043.1,1043.1,Paid,101
100378,40943,2024-04-04,Emergency,M54.5,71046,Aetna,1416,850.92,850.92,565.08,565.08,Paid,169
100379,74820,2025-06-21,Pediatrics,F41.9,70450,Cigna,24245,19759.02,19759.02,4485.98,4485.98,Paid,48
100380,63435,2024-04-26,Pediatrics,I10,71046,Cigna,18727,10590.21,0,8136.79,18727,Denied,28
100381,79381,2024-08-13,Pediatrics,F41.9,85025,Aetna,24538,17452.31,17452.31,7085.69,7085.69,Paid,112
100382,51646,2024-05-17,Pediatrics,R07.9,80053,Medicare,4031,3710.7,3710.7,320.3,320.3,Paid,75
100383,47413,2025-08-02,Radiology,R07.9,93000,Self-Pay,4747,3341.38,3341.38,1405.62,1405.62,Paid,61
100384,82495,2024-06-01,Pediatrics,K21.9,70450,Aetna,2112,1833.25,1833.25,278.75,278.75,Paid,83
100385,34067,2025-07-22,Emergency,I10,99213,Medicaid,23233,15375.54,15375.54,7857.46,7857.46,Paid,78
100386,69311,2025-09-29,Cardiology,J18.9,99214,Cigna,1984,1348.2,1348.2,635.8,635.8,Paid,90
100387,92582,2024-12-22,Neurology,R07.9,93000,Self-Pay,19790,16349.13,0,3440.87,19790,Denied,152
100388,95913,2024-06-07,Oncology,N39.0,70450,Medicare,22612,12911.41,12911.41,9700.59,9700.59,Paid,150
100389,99225,2024-06-29,Emergency,M54.5,70450,Medicare,23235,17721.95,11469.05,5513.05,11765.95,Partial,77
100390,36748,2025-06-05,Oncology,N39.0,71046,Aetna,19527,17243.25,17243.25,2283.75,2283.75,Paid,117
100391,46303,2025-11-09,Pediatrics,M54.5,85025,Medicare,10257,9123.62,9123.62,1133.38,1133.38,Paid,35
100392,58996,2024-05-15,Radiology,E11.9,36415,Self-Pay,20698,15219.78,6378.36,5478.22,14319.64,Partial,128
100393,58227,2025-02-21,Neurology,J18.9,80053,Self-Pay,9936,6651.74,6651.74,3284.26,3284.26,Paid,65
100394,18057,2025-07-02,Orthopedics,I10,85025,Medicare,6638,4834.65,4834.65,1803.35,1803.35,Paid,44
100395,19555,2024-12-02,Emergency,N39.0,99214,UnitedHealthcare,7294,5819.57,5819.57,1474.43,1474.43,Paid,8
100396,45295,2025-12-22,Cardiology,J18.9,70450,Medicaid,16726,15263.45,15263.45,1462.55,1462.55,Paid,11
100397,36212,2025-04-30,Oncology,K21.9,71046,UnitedHealthcare,21476,14470.94,14470.94,7005.06,7005.06,Paid,91
100398,27877,2024-10-05,Emergency,E11.9,80053,Medicare,17441,12233.2,9463.49,5207.8,7977.51,Partial,154
100399,15483,2025-09-01,Oncology,M54.5,85025,Medicaid,15790,14945.73,9672.39,844.27,6117.61,Partial,127
100400,51467,2025-07-26,Pediatrics,R07.9,99214,Medicare,1150,789.9,646.35,360.1,503.65,Partial,44
100401,20213,2025-03-21,Neurology,E11.9,71046,Medicaid,24499,14902.47,14902.47,9596.53,9596.53,Paid,176
100402,69524,2024-12-24,Cardiology,I10,85025,Aetna,8237,7795.22,6079.21,441.78,2157.79,Partial,13
100403,84245,2024-02-24,Orthopedics,E11.9,71046,Self-Pay,5196,2928.95,2928.95,2267.05,2267.05,Paid,17
100404,84810,2025-04-12,Pediatrics,J18.9,70450,Aetna,8236,4633.5,4633.5,3602.5,3602.5,Paid,101
100405,36081,2024-10-08,Neurology,E11.9,93000,Blue Cross,21596,12301.45,0,9294.55,21596,Denied,83
100406,26485,2025-09-29,Pediatrics,I10,70450,Aetna,19098,15070.76,15070.76,4027.24,4027.24,Paid,124
100407,34858,2024-10-25,Neurology,N39.0,93000,Aetna,22325,18351.06,18351.06,3973.94,3973.94,Paid,68
100408,37200,2025-05-24,Orthopedics,K21.9,99214,Blue Cross,8221,5220.88,0,3000.12,8221,Denied,166
100409,24420,2024-08-07,Radiology,I10,85025,Medicaid,17809,14627.36,14627.36,3181.64,3181.64,Paid,153
100410,65655,2025-02-24,Orthopedics,J18.9,70450,Medicare,7050,5385.89,5385.89,1664.11,1664.11,Paid,146
100411,56626,2025-12-20,Orthopedics,E11.9,71046,Blue Cross,13254,12307.3,12307.3,946.7,946.7,Paid,145
100412,70193,2025-03-19,Neurology,M54.5,85025,Aetna,7641,6459.22,5650.3,1181.78,1990.7,Partial,19
100413,71505,2025-01-11,Emergency,M54.5,71046,Aetna,257,215.15,86.85,41.85,170.15,Partial,100
100414,77493,2025-12-17,Cardiology,M54.5,36415,Aetna,19506,11143.72,11143.72,8362.28,8362.28,Paid,56
100415,92667,2024-01-17,Radiology,F41.9,99213,UnitedHealthcare,20257,18090.01,15014.49,2166.99,5242.51,Partial,139
100416,10024,2024-11-18,Emergency,K21.9,85025,UnitedHealthcare,21875,14320.77,9736.71,7554.23,12138.29,Partial,24
100417,97282,2025-11-13,Emergency,M54.5,99213,Self-Pay,3394,2918.12,2918.12,475.88,475.88,Paid,7
100418,52717,2025-02-11,Oncology,F41.9,85025,Blue Cross,9710,7718.7,7718.7,1991.3,1991.3,Paid,99
100419,45632,2024-11-26,Neurology,R07.9,36415,Cigna,20022,11216.68,0,8805.32,20022,Denied,108
100420,71789,2025-11-10,Emergency,M54.5,99213,Aetna,21266,19653.72,0,1612.28,21266,Denied,26
100421,97286,2025-07-23,Neurology,M54.5,70450,UnitedHealthcare,12732,11380.45,2128.32,1351.55,10603.68,Pending,155
100422,25399,2024-06-22,Pediatrics,R07.9,70450,Cigna,6518,4763.51,4763.51,1754.49,1754.49,Paid,169
100423,11666,2025-11-18,Orthopedics,F41.9,99213,Blue Cross,2947,2416.23,2416.23,530.77,530.77,Paid,149
100424,20289,2024-08-29,Oncology,R07.9,99213,Blue Cross,9874,5940.7,5940.7,3933.3,3933.3,Paid,128
100425,43878,2025-09-04,Orthopedics,F41.9,36415,Cigna,16252,12770.05,6400.31,3481.95,9851.69,Partial,109
100426,37297,2024-04-06,Pediatrics,K21.9,99214,Medicaid,6731,4454.03,2866.44,2276.97,3864.56,Partial,135
100427,29744,2024-03-04,Orthopedics,F41.9,70450,UnitedHealthcare,1476,847.12,847.12,628.88,628.88,Paid,133
100428,50586,2025-09-17,Neurology,N39.0,85025,Aetna,21939,15302.63,15302.63,6636.37,6636.37,Paid,91
100429,24207,2025-10-05,Cardiology,E11.9,99214,Aetna,349,200.07,200.07,148.93,148.93,Paid,164
100430,57545,2025-12-08,Pediatrics,R07.9,80053,UnitedHealthcare,11823,10953.35,10953.35,869.65,869.65,Paid,91
100431,22404,2024-06-19,Emergency,M54.5,93000,Self-Pay,18640,14594.35,14594.35,4045.65,4045.65,Paid,24
100432,40842,2025-10-09,Radiology,I10,36415,Medicare,14411,9189.9,9189.9,5221.1,5221.1,Paid,59
100433,79191,2025-07-23,Oncology,F41.9,99213,Self-Pay,24622,21332.29,21332.29,3289.71,3289.71,Paid,107
100434,42573,2025-02-11,Pediatrics,R07.9,99213,Self-Pay,1983,1721.72,1721.72,261.28,261.28,Paid,1
100435,43888,2025-06-10,Emergency,K21.9,99213,Medicare,4263,3243.29,2916.07,1019.71,1346.93,Partial,10
100436,69703,2025-05-16,Neurology,J18.9,93000,Medicaid,24512,19455.3,19455.3,5056.7,5056.7,Paid,53
100437,63076,2025-01-02,Radiology,N39.0,99213,Medicaid,18641,17416.2,17416.2,1224.8,1224.8,Paid,66
100438,31944,2025-04-25,Oncology,R07.9,80053,Cigna,8685,5268.07,5268.07,3416.93,3416.93,Paid,139
100439,64113,2024-01-07,Cardiology,E11.9,71046,Self-Pay,1330,1180.66,1180.66,149.34,149.34,Paid,59
100440,33483,2025-09-17,Emergency,M54.5,99214,Medicare,12021,10306.88,10306.88,1714.12,1714.12,Paid,47
100441,43933,2024-08-04,Oncology,M54.5,36415,Medicare,8794,6933.73,6933.73,1860.27,1860.27,Paid,161
100442,94052,2025-08-30,Emergency,R07.9,36415,Cigna,6493,4464.21,0,2028.79,6493,Denied,131
100443,23481,2024-12-15,Orthopedics,M54.5,71046,Cigna,24217,20587.45,10196.39,3629.55,14020.61,Partial,60
100444,21616,2025-01-30,Neurology,K21.9,99213,Self-Pay,7963,5947.97,3032.56,2015.03,4930.44,Partial,169
100445,72113,2024-01-18,Emergency,I10,99213,Blue Cross,17151,11468.53,1577.17,5682.47,15573.83,Pending,94
100446,65571,2024-11-03,Cardiology,K21.9,93000,Aetna,22747,15751.82,0,6995.18,22747,Denied,143
100447,58708,2024-04-24,Pediatrics,I10,71046,Medicaid,12982,11007.74,11007.74,1974.26,1974.26,Paid,143
100448,35319,2025-11-02,Radiology,F41.9,93000,Medicaid,16951,15409.35,15409.35,1541.65,1541.65,Paid,169
100449,39906,2024-02-13,Pediatrics,R07.9,80053,Aetna,1000,578.33,578.33,421.67,421.67,Paid,135
100450,70140,2024-10-30,Neurology,R07.9,80053,Blue Cross,23997,15800.43,9308.12,8196.57,14688.88,Partial,129
100451,58609,2025-07-20,Cardiology,M54.5,71046,Self-Pay,697,655.36,655.36,41.64,41.64,Paid,97
100452,59049,2024-05-22,Orthopedics,R07.9,71046,Aetna,19998,18853.71,18853.71,1144.29,1144.29,Paid,39
100453,27391,2024-08-25,Orthopedics,J18.9,99214,Cigna,5213,2990.15,2990.15,2222.85,2222.85,Paid,110
100454,15522,2025-05-01,Cardiology,E11.9,85025,Aetna,5305,4612.22,3230.4,692.78,2074.6,Partial,21
100455,42991,2025-05-24,Pediatrics,I10,93000,Aetna,6429,5227.15,1420.52,1201.85,5008.48,Pending,162
100456,61135,2024-02-10,Cardiology,N39.0,36415,Cigna,2717,1948.73,1948.73,768.27,768.27,Paid,8
100457,59829,2024-06-17,Oncology,R07.9,80053,Cigna,21409,18665.32,18665.32,2743.68,2743.68,Paid,0
100458,41767,2025-10-07,Orthopedics,F41.9,99214,Self-Pay,24228,21969.09,17382.2,2258.91,6845.8,Partial,99
100459,73888,2025-03-02,Radiology,J18.9,80053,Medicaid,13072,7955.79,537.77,5116.21,12534.23,Pending,138
100460,23096,2024-03-16,Emergency,N39.0,85025,Medicare,24970,20778.38,20778.38,4191.62,4191.62,Paid,128
100461,85937,2025-11-08,Radiology,K21.9,99214,Medicaid,13445,10383.85,10383.85,3061.15,3061.15,Paid,71
100462,85856,2024-02-06,Radiology,K21.9,85025,UnitedHealthcare,23874,18497,18497,5377,5377,Paid,161
100463,61308,2024-02-05,Pediatrics,R07.9,99214,Cigna,24538,16644.63,14961.14,7893.37,9576.86,Partial,44
100464,77948,2024-03-14,Oncology,F41.9,93000,Medicaid,2306,1459.45,1459.45,846.55,846.55,Paid,135
100465,49398,2024-08-20,Cardiology,F41.9,85025,UnitedHealthcare,9402,5367.74,713.02,4034.26,8688.98,Pending,138
100466,94790,2025-03-31,Cardiology,I10,71046,Medicare,23855,13162.85,7902.2,10692.15,15952.8,Partial,48
100467,15896,2024-12-24,Cardiology,R07.9,85025,Medicaid,2138,1470.24,1470.24,667.76,667.76,Paid,34
100468,77733,2025-03-29,Orthopedics,K21.9,71046,Blue Cross,15241,9105.21,9105.21,6135.79,6135.79,Paid,4
100469,98949,2025-12-30,Emergency,M54.5,99213,Blue Cross,19424,14025.58,14025.58,5398.42,5398.42,Paid,34
100470,97381,2024-09-27,Radiology,M54.5,70450,Self-Pay,7329,4959.61,4959.61,2369.39,2369.39,Paid,57
100471,95338,2025-11-13,Emergency,F41.9,80053,Blue Cross,13043,7447.35,0,5595.65,13043,Denied,126
100472,84966,2024-06-29,Cardiology,I10,70450,UnitedHealthcare,19632,17592.7,17592.7,2039.3,2039.3,Paid,59
100473,64208,2024-06-10,Pediatrics,R07.9,71046,UnitedHealthcare,8505,7572.97,3296.09,932.03,5208.91,Partial,153
100474,14592,2024-08-11,Orthopedics,J18.9,93000,Aetna,24743,16969.2,16969.2,7773.8,7773.8,Paid,99
100475,55337,2024-01-24,Emergency,N39.0,99214,Medicaid,17270,9985.22,0,7284.78,17270,Denied,10
100476,44449,2025-06-08,Radiology,M54.5,99214,Medicaid,20451,15570.97,13433,4880.03,7018,Partial,0
100477,90478,2024-11-04,Pediatrics,N39.0,36415,Blue Cross,8621,8071.79,8071.79,549.21,549.21,Paid,91
100478,50820,2024-05-27,Orthopedics,M54.5,36415,Medicare,11943,7606.78,3223.12,4336.22,8719.88,Partial,170
100479,79852,2024-11-23,Cardiology,E11.9,85025,Self-Pay,24433,13878.98,780.81,10554.02,23652.19,Pending,160
100480,82402,2024-10-01,Pediatrics,M54.5,85025,Medicaid,343,318.95,318.95,24.05,24.05,Paid,3
100481,83653,2024-01-01,Emergency,J18.9,80053,Aetna,21690,12025.36,12025.36,9664.64,9664.64,Paid,127
100482,63250,2024-05-08,Neurology,K21.9,71046,Self-Pay,4853,3991.42,3991.42,861.58,861.58,Paid,146
100483,66421,2024-05-31,Cardiology,R07.9,71046,Self-Pay,15088,13325.87,13325.87,1762.13,1762.13,Paid,18
100484,92008,2025-09-17,Cardiology,J18.9,99213,Medicare,8613,6245.78,6245.78,2367.22,2367.22,Paid,77
100485,39030,2025-11-08,Pediatrics,I10,36415,Aetna,11500,10855.04,10855.04,644.96,644.96,Paid,24
100486,42530,2024-06-20,Emergency,F41.9,70450,Self-Pay,3053,2765.51,2765.51,287.49,287.49,Paid,10
100487,72293,2024-07-11,Radiology,K21.9,99214,Aetna,12776,8941.97,0,3834.03,12776,Denied,105
100488,23747,2025-08-13,Oncology,J18.9,71046,UnitedHealthcare,1898,1758.22,1758.22,139.78,139.78,Paid,10
100489,91609,2024-08-27,Oncology,F41.9,70450,UnitedHealthcare,6917,5514.56,5514.56,1402.44,1402.44,Paid,176
100490,12851,2025-05-12,Emergency,R07.9,99213,Medicare,7164,5211.8,2448.11,1952.2,4715.89,Partial,159
100491,81869,2025-11-12,Emergency,E11.9,93000,Cigna,8759,5222.34,4574.81,3536.66,4184.19,Partial,35
100492,52029,2025-10-08,Oncology,R07.9,93000,UnitedHealthcare,21151,18735.96,0,2415.04,21151,Denied,26
100493,44863,2025-01-31,Oncology,J18.9,70450,Medicaid,7548,5354.53,3609.67,2193.47,3938.33,Partial,7
100494,87037,2025-06-23,Cardiology,K21.9,99213,Aetna,24873,22733.42,22733.42,2139.58,2139.58,Paid,165
100495,74273,2025-05-22,Pediatrics,I10,70450,Cigna,24922,17848.58,0,7073.42,24922,Denied,76
100496,27506,2024-05-18,Emergency,N39.0,71046,UnitedHealthcare,15121,10097.12,7291.04,5023.88,7829.96,Partial,109
100497,95852,2025-01-31,Orthopedics,I10,93000,UnitedHealthcare,5481,4892.8,325.9,588.2,5155.1,Pending,91
100498,69752,2025-12-13,Radiology,R07.9,99214,Self-Pay,9671,8885.21,8885.21,785.79,785.79,Paid,21
100499,48902,2024-01-02,Emergency,N39.0,99214,Blue Cross,20326,15793.71,15793.71,4532.29,4532.29,Paid,180
100500,90938,2024-03-30,Cardiology,F41.9,99213,Self-Pay,9940,7544.08,7544.08,2395.92,2395.92,Paid,60
100501,20350,2024-01-17,Neurology,E11.9,70450,Blue Cross,616,389.02,389.02,226.98,226.98,Paid,83
100502,28711,2024-09-14,Pediatrics,I10,85025,Cigna,9970,8681.39,8681.39,1288.61,1288.61,Paid,158
100503,93643,2025-08-22,Radiology,F41.9,99213,Blue Cross,11279,8326.72,8326.72,2952.28,2952.28,Paid,150
100504,24263,2025-04-14,Pediatrics,E11.9,70450,Self-Pay,11524,9836.54,9836.54,1687.46,1687.46,Paid,34
100505,12008,2024-09-10,Pediatrics,M54.5,80053,Aetna,3441,2646.57,1201.97,794.43,2239.03,Partial,84
100506,23685,2025-05-15,Cardiology,I10,36415,Cigna,20298,14606.92,0,5691.08,20298,Denied,36
100507,38337,2024-06-17,Neurology,I10,99213,Medicare,3138,2175.73,2175.73,962.27,962.27,Paid,161
100508,86453,2025-08-05,Emergency,R07.9,71046,Aetna,24431,18555.7,18555.7,5875.3,5875.3,Paid,46
100509,21566,2025-08-19,Neurology,K21.9,93000,Aetna,2559,1828.58,1828.58,730.42,730.42,Paid,86
100510,64869,2025-08-22,Radiology,M54.5,93000,Blue Cross,3562,1959.3,1959.3,1602.7,1602.7,Paid,62
100511,29841,2025-06-20,Cardiology,M54.5,99213,Blue Cross,11670,9670.34,9670.34,1999.66,1999.66,Paid,34
100512,16022,2024-04-26,Orthopedics,J18.9,71046,Blue Cross,16303,14128.5,1529.52,2174.5,14773.48,Pending,49
100513,60441,2024-08-26,Pediatrics,N39.0,80053,Medicare,12464,8335.68,7227.23,4128.32,5236.77,Partial,16
100514,38294,2025-11-14,Oncology,N39.0,71046,Aetna,11391,10073.74,1977.9,1317.26,9413.1,Pending,18
100515,32281,2024-04-17,Radiology,F41.9,93000,Self-Pay,768,507.58,363.17,260.42,404.83,Partial,47
100516,16242,2025-07-31,Radiology,I10,99214,Blue Cross,22400,19983.54,19983.54,2416.46,2416.46,Paid,0
100517,64154,2024-02-06,Cardiology,R07.9,70450,Aetna,2205,1885.72,0,319.28,2205,Denied,144
100518,10567,2024-06-27,Radiology,R07.9,99214,Medicaid,2285,1805.72,1805.72,479.28,479.28,Paid,168
100519,97224,2024-10-03,Orthopedics,I10,70450,Blue Cross,590,460.94,460.94,129.06,129.06,Paid,70
100520,77436,2025-12-26,Radiology,I10,93000,Medicaid,18947,16293.56,16293.56,2653.44,2653.44,Paid,85
100521,56318,2025-08-15,Radiology,R07.9,71046,Blue Cross,17845,15139,15139,2706,2706,Paid,14
100522,85083,2025-08-14,Radiology,E11.9,99214,UnitedHealthcare,8201,5759.04,3342.29,2441.96,4858.71,Partial,0
100523,55636,2025-03-27,Oncology,E11.9,70450,Cigna,10211,5762.84,4571.95,4448.16,5639.05,Partial,78
100524,21230,2025-06-20,Oncology,M54.5,99213,Cigna,8872,5124.14,5124.14,3747.86,3747.86,Paid,103
100525,54599,2025-12-28,Pediatrics,M54.5,71046,Medicare,7206,6720.12,6720.12,485.88,485.88,Paid,14
100526,42819,2025-05-31,Cardiology,J18.9,70450,Medicare,4228,3071,1257.95,1157,2970.05,Partial,47
100527,50546,2025-01-27,Orthopedics,N39.0,80053,UnitedHealthcare,764,526.47,526.47,237.53,237.53,Paid,177
100528,49450,2025-01-07,Orthopedics,I10,36415,Aetna,5814,4481.06,2590.17,1332.94,3223.83,Partial,86
100529,77242,2024-05-02,Neurology,I10,71046,Cigna,8812,7469.1,7469.1,1342.9,1342.9,Paid,57
100530,19616,2024-09-10,Cardiology,F41.9,80053,UnitedHealthcare,12047,10847.58,8775.52,1199.42,3271.48,Partial,173
100531,72556,2024-05-07,Oncology,M54.5,85025,Blue Cross,5985,4916.03,4916.03,1068.97,1068.97,Paid,39
100532,40650,2024-04-26,Orthopedics,R07.9,36415,Medicare,11403,10510.06,10510.06,892.94,892.94,Paid,84
100533,17706,2024-04-18,Radiology,N39.0,71046,Blue Cross,4603,3962.48,0,640.52,4603,Denied,9
100534,93214,2024-06-06,Pediatrics,I10,93000,UnitedHealthcare,12652,7077.1,7077.1,5574.9,5574.9,Paid,25
100535,19414,2024-11-10,Radiology,K21.9,93000,Self-Pay,17152,11508.64,11508.64,5643.36,5643.36,Paid,178
100536,49925,2024-12-16,Radiology,K21.9,99213,Cigna,3832,2883.43,2883.43,948.57,948.57,Paid,178
100537,95952,2025-02-22,Neurology,F41.9,99213,Blue Cross,22024,17647.08,17647.08,4376.92,4376.92,Paid,30
100538,63361,2024-07-30,Cardiology,M54.5,93000,Blue Cross,19103,17335.49,2889.46,1767.51,16213.54,Pending,64
100539,37557,2024-12-18,Cardiology,R07.9,71046,Medicaid,6677,6011.56,4490.96,665.44,2186.04,Partial,130
100540,66619,2024-01-12,Oncology,K21.9,70450,Blue Cross,8896,6821.5,6821.5,2074.5,2074.5,Paid,170
100541,61252,2024-11-07,Cardiology,M54.5,80053,Aetna,20521,17749.19,17749.19,2771.81,2771.81,Paid,157
100542,79751,2024-12-29,Orthopedics,E11.9,80053,Cigna,22013,18984.05,18984.05,3028.95,3028.95,Paid,123
100543,62287,2024-05-11,Orthopedics,J18.9,36415,Cigna,4062,2392.94,2392.94,1669.06,1669.06,Paid,177
100544,54036,2024-12-16,Oncology,R07.9,36415,UnitedHealthcare,23665,17047.3,0,6617.7,23665,Denied,125
100545,50906,2024-07-28,Radiology,J18.9,36415,Medicare,15322,13958.49,6482.91,1363.51,8839.09,Partial,95
100546,86831,2025-02-24,Pediatrics,N39.0,85025,Medicaid,17112,12303.09,12303.09,4808.91,4808.91,Paid,63
100547,32539,2025-11-08,Emergency,I10,80053,Medicare,11451,7827.76,7827.76,3623.24,3623.24,Paid,168
100548,38539,2025-07-10,Orthopedics,I10,99213,Blue Cross,11379,6677.88,6677.88,4701.12,4701.12,Paid,49
100549,27883,2025-11-20,Radiology,K21.9,80053,Medicare,21639,16425.74,13323.77,5213.26,8315.23,Partial,33
100550,30413,2024-12-16,Pediatrics,F41.9,71046,Medicare,22189,12987.32,12987.32,9201.68,9201.68,Paid,51
100551,66520,2024-02-08,Radiology,K21.9,80053,Self-Pay,1792,1505.03,1016.44,286.97,775.56,Partial,8
100552,33289,2025-07-30,Orthopedics,M54.5,36415,Blue Cross,24066,13736.12,8686.45,10329.88,15379.55,Partial,130
100553,30096,2024-12-08,Radiology,E11.9,71046,Medicaid,23785,19085.87,19085.87,4699.13,4699.13,Paid,156
100554,61128,2025-02-06,Orthopedics,F41.9,93000,Self-Pay,16537,10850.06,10850.06,5686.94,5686.94,Paid,46
100555,38049,2025-01-14,Pediatrics,K21.9,71046,Self-Pay,16778,14972.59,14972.59,1805.41,1805.41,Paid,18
100556,45803,2024-12-20,Oncology,N39.0,36415,Aetna,1779,1108.72,853.34,670.28,925.66,Partial,165
100557,24955,2024-05-01,Pediatrics,J18.9,71046,Self-Pay,22278,14554.65,14554.65,7723.35,7723.35,Paid,113
100558,67521,2025-07-27,Radiology,K21.9,80053,Medicare,16617,9593.01,9593.01,7023.99,7023.99,Paid,174
100559,17223,2025-05-27,Oncology,R07.9,71046,Medicare,23248,17288.6,7521.09,5959.4,15726.91,Partial,69
100560,94698,2025-09-17,Oncology,N39.0,71046,Cigna,14120,11273.87,11273.87,2846.13,2846.13,Paid,174
100561,39259,2024-04-10,Neurology,M54.5,85025,Medicaid,21821,15278.14,15278.14,6542.86,6542.86,Paid,150
100562,10721,2025-11-22,Orthopedics,E11.9,71046,Self-Pay,15202,12857.01,12857.01,2344.99,2344.99,Paid,124
100563,82880,2024-01-03,Pediatrics,K21.9,85025,Aetna,7713,6998.65,6998.65,714.35,714.35,Paid,176
100564,99915,2025-01-23,Cardiology,R07.9,80053,UnitedHealthcare,1937,1824.3,1824.3,112.7,112.7,Paid,26
100565,98030,2024-11-13,Oncology,K21.9,36415,Medicare,4109,2565.09,2565.09,1543.91,1543.91,Paid,114
100566,29749,2025-01-27,Orthopedics,R07.9,70450,Medicare,6046,3967.18,106.79,2078.82,5939.21,Pending,91
100567,23142,2025-02-27,Orthopedics,E11.9,85025,Self-Pay,983,556.96,244.55,426.04,738.45,Partial,148
100568,12869,2025-06-18,Emergency,R07.9,71046,Self-Pay,18563,11062,11062,7501,7501,Paid,147
100569,97398,2024-12-21,Neurology,M54.5,36415,Medicare,22577,12926.06,12926.06,9650.94,9650.94,Paid,66
100570,79515,2024-04-08,Neurology,N39.0,36415,Self-Pay,15758,13032.49,13032.49,2725.51,2725.51,Paid,59
100571,30722,2024-06-19,Orthopedics,K21.9,71046,Cigna,14455,10759.39,10759.39,3695.61,3695.61,Paid,77
100572,77280,2025-03-12,Radiology,E11.9,99213,Aetna,12598,7307.46,3259.77,5290.54,9338.23,Partial,21
100573,43768,2024-09-20,Pediatrics,N39.0,93000,UnitedHealthcare,2353,1727.35,1155.89,625.65,1197.11,Partial,83
100574,53862,2025-08-05,Oncology,I10,80053,Blue Cross,15389,10353.43,2128.9,5035.57,13260.1,Pending,1
100575,30941,2025-10-23,Orthopedics,I10,99214,Cigna,23881,19212.04,19212.04,4668.96,4668.96,Paid,152
100576,83118,2025-12-29,Radiology,J18.9,80053,Medicaid,1248,1160.58,258.63,87.42,989.37,Pending,87
100577,74668,2025-07-05,Oncology,N39.0,36415,UnitedHealthcare,18099,10561.05,0,7537.95,18099,Denied,25
100578,81444,2024-11-10,Emergency,E11.9,70450,Medicare,17143,9806.03,8803.13,7336.97,8339.87,Partial,94
100579,44473,2025-08-25,Pediatrics,M54.5,99214,Cigna,24167,14233.26,14233.26,9933.74,9933.74,Paid,15
100580,89122,2024-09-09,Neurology,R07.9,36415,Cigna,20937,12437.38,5748.71,8499.62,15188.29,Partial,8
100581,73791,2024-06-19,Oncology,M54.5,36415,Aetna,24353,23103.87,4732.82,1249.13,19620.18,Pending,5
100582,86869,2025-07-23,Cardiology,E11.9,85025,Medicaid,5937,4165.84,4165.84,1771.16,1771.16,Paid,140
100583,91506,2025-05-06,Oncology,J18.9,36415,UnitedHealthcare,12558,11794.05,8436.72,763.95,4121.28,Partial,28
100584,62747,2025-01-21,Cardiology,K21.9,99213,Self-Pay,795,508.16,508.16,286.84,286.84,Paid,111
100585,40122,2025-06-17,Pediatrics,F41.9,99214,UnitedHealthcare,10698,8551.71,4916.04,2146.29,5781.96,Partial,57
100586,13245,2024-08-27,Neurology,R07.9,99214,Blue Cross,23232,13199.22,13199.22,10032.78,10032.78,Paid,68
100587,47735,2024-12-27,Radiology,R07.9,71046,Self-Pay,12432,7067.04,7067.04,5364.96,5364.96,Paid,136
100588,25708,2024-04-08,Emergency,K21.9,36415,Aetna,490,376.13,376.13,113.87,113.87,Paid,25
100589,86887,2025-11-02,Pediatrics,N39.0,70450,Blue Cross,15381,8566.45,8566.45,6814.55,6814.55,Paid,132
100590,17196,2024-09-03,Cardiology,E11.9,99213,Aetna,21081,16676.34,8138.8,4404.66,12942.2,Partial,174
100591,78647,2024-09-20,Orthopedics,R07.9,80053,Cigna,4970,4422.2,2854.08,547.8,2115.92,Partial,61
100592,11881,2024-03-04,Orthopedics,M54.5,99213,UnitedHealthcare,8963,5747.42,5747.42,3215.58,3215.58,Paid,114
100593,30339,2024-06-22,Neurology,I10,36415,Medicare,4373,2859.98,2859.98,1513.02,1513.02,Paid,120
100594,89307,2025-06-13,Cardiology,R07.9,71046,Blue Cross,9125,7715.33,6017.39,1409.67,3107.61,Partial,161
100595,12510,2025-05-12,Oncology,E11.9,71046,Medicaid,17272,13734.09,11880.2,3537.91,5391.8,Partial,63
100596,37686,2024-07-08,Radiology,K21.9,93000,Blue Cross,2358,2034.1,1485.45,323.9,872.55,Partial,9
100597,97224,2024-07-28,Orthopedics,N39.0,85025,Self-Pay,6500,5029.22,1132.6,1470.78,5367.4,Pending,118
100598,52074,2025-02-27,Neurology,N39.0,71046,Cigna,5646,4520.83,4520.83,1125.17,1125.17,Paid,133
100599,12123,2025-05-22,Oncology,M54.5,80053,Cigna,12802,8422.87,8422.87,4379.13,4379.13,Paid,162
100600,69948,2024-07-06,Emergency,N39.0,80053,Blue Cross,5388,3446.75,3446.75,1941.25,1941.25,Paid,23
100601,22146,2024-02-17,Neurology,R07.9,85025,Cigna,6816,6039.94,6039.94,776.06,776.06,Paid,49
100602,55705,2024-02-15,Emergency,E11.9,70450,Blue Cross,3864,2201.26,0,1662.74,3864,Denied,95
100603,57175,2025-05-07,Radiology,F41.9,99213,Medicaid,1919,1162.95,1162.95,756.05,756.05,Paid,115
100604,74266,2025-06-21,Oncology,J18.9,70450,Cigna,7028,5151.08,3748.04,1876.92,3279.96,Partial,55
100605,31617,2024-01-16,Neurology,M54.5,85025,Medicare,11145,9985.57,9985.57,1159.43,1159.43,Paid,100
100606,63751,2024-10-29,Cardiology,E11.9,36415,Self-Pay,18985,14459.81,14459.81,4525.19,4525.19,Paid,69
100607,71681,2025-05-29,Cardiology,J18.9,99213,Self-Pay,7701,4726.68,4010.34,2974.32,3690.66,Partial,86
100608,56543,2025-08-26,Emergency,I10,93000,Cigna,8342,5043.41,5043.41,3298.59,3298.59,Paid,22
100609,56121,2025-05-19,Radiology,R07.9,36415,UnitedHealthcare,2379,1895.27,0,483.73,2379,Denied,14
100610,38849,2024-12-04,Orthopedics,R07.9,99213,Medicare,3657,3199.33,3199.33,457.67,457.67,Paid,55
100611,26373,2024-02-08,Pediatrics,K21.9,71046,UnitedHealthcare,14283,11285.96,11285.96,2997.04,2997.04,Paid,153
100612,87809,2025-05-04,Radiology,I10,71046,UnitedHealthcare,21631,12076.61,12076.61,9554.39,9554.39,Paid,5
100613,84270,2025-07-11,Emergency,N39.0,71046,Medicaid,5311,3825.54,3825.54,1485.46,1485.46,Paid,3
100614,77825,2024-07-24,Pediatrics,M54.5,99213,Aetna,24649,22604.93,22604.93,2044.07,2044.07,Paid,177
100615,75288,2024-05-01,Emergency,R07.9,70450,Self-Pay,16191,14752.67,14752.67,1438.33,1438.33,Paid,14
100616,27468,2024-08-07,Emergency,M54.5,99214,Blue Cross,2321,2092.61,2092.61,228.39,228.39,Paid,148
100617,89288,2024-05-21,Cardiology,E11.9,71046,Self-Pay,1858,1132.6,1132.6,725.4,725.4,Paid,41
100618,74528,2025-02-04,Pediatrics,N39.0,70450,Medicaid,6691,5039.27,5039.27,1651.73,1651.73,Paid,180
100619,51439,2025-07-04,Neurology,N39.0,99213,Medicaid,10918,6833.33,6833.33,4084.67,4084.67,Paid,98
100620,68611,2025-08-09,Neurology,I10,71046,Aetna,10290,6637.58,6637.58,3652.42,3652.42,Paid,101
100621,60388,2025-08-24,Neurology,I10,85025,UnitedHealthcare,17038,10945.46,1960.68,6092.54,15077.32,Pending,22
100622,36645,2024-04-02,Cardiology,F41.9,80053,Blue Cross,21032,11811.54,11811.54,9220.46,9220.46,Paid,28
100623,27346,2024-08-05,Orthopedics,K21.9,80053,Medicaid,1554,1060.09,1060.09,493.91,493.91,Paid,1
100624,10274,2024-05-17,Oncology,M54.5,80053,Self-Pay,18117,11180.19,11180.19,6936.81,6936.81,Paid,102
100625,31036,2025-09-03,Neurology,I10,99214,Medicaid,23670,22026.86,16353.94,1643.14,7316.06,Partial,130
100626,13427,2025-09-10,Emergency,E11.9,71046,Medicare,1390,1253.5,1253.5,136.5,136.5,Paid,110
100627,78131,2025-05-08,Cardiology,F41.9,80053,Blue Cross,22279,16711.09,16711.09,5567.91,5567.91,Paid,28
100628,75469,2025-08-22,Neurology,N39.0,85025,Blue Cross,19970,18111.72,18111.72,1858.28,1858.28,Paid,35
100629,71080,2025-12-10,Cardiology,R07.9,36415,Cigna,9377,7805.39,7805.39,1571.61,1571.61,Paid,174
100630,92053,2024-11-09,Emergency,I10,70450,UnitedHealthcare,16837,12695.21,0,4141.79,16837,Denied,160
100631,28533,2024-08-17,Pediatrics,K21.9,93000,Medicaid,8960,6821.37,3468.87,2138.63,5491.13,Partial,115
100632,98031,2024-03-29,Cardiology,M54.5,80053,UnitedHealthcare,519,349.99,349.99,169.01,169.01,Paid,62
100633,31877,2024-10-26,Oncology,R07.9,99213,Medicare,20308,18849.87,4495.71,1458.13,15812.29,Pending,51
100634,27487,2025-10-30,Radiology,J18.9,99214,Cigna,17128,14795.31,0,2332.69,17128,Denied,141
100635,34432,2025-11-03,Oncology,R07.9,70450,UnitedHealthcare,4357,3326.14,3326.14,1030.86,1030.86,Paid,148
100636,90943,2025-06-19,Neurology,J18.9,99213,Medicaid,2674,2389.93,2389.93,284.07,284.07,Paid,5
100637,64425,2024-11-03,Radiology,E11.9,70450,Aetna,12090,10565.48,10565.48,1524.52,1524.52,Paid,71
100638,16089,2025-05-29,Cardiology,R07.9,93000,UnitedHealthcare,15051,10162.41,4276.05,4888.59,10774.95,Partial,124
100639,12520,2025-10-11,Radiology,F41.9,36415,Medicare,24966,15769.86,15769.86,9196.14,9196.14,Paid,119
100640,95712,2024-03-10,Radiology,N39.0,80053,Aetna,1212,963.67,963.67,248.33,248.33,Paid,112
100641,31338,2024-01-28,Emergency,F41.9,70450,Medicare,18834,14471.13,14471.13,4362.87,4362.87,Paid,51
100642,13045,2025-07-29,Oncology,N39.0,99214,Medicaid,17635,14500.79,340.31,3134.21,17294.69,Pending,55
100643,94294,2025-12-09,Cardiology,K21.9,36415,Aetna,20888,16215.38,7731.62,4672.62,13156.38,Partial,160
100644,79580,2024-03-02,Radiology,K21.9,71046,Medicaid,16856,13605.69,13605.69,3250.31,3250.31,Paid,52
100645,82962,2025-02-10,Neurology,F41.9,36415,Medicare,9600,5752.16,5752.16,3847.84,3847.84,Paid,63
100646,28591,2024-03-08,Neurology,K21.9,70450,Medicare,18188,14457.7,14457.7,3730.3,3730.3,Paid,126
100647,98979,2025-01-21,Orthopedics,M54.5,71046,Self-Pay,14290,10000.81,6745.26,4289.19,7544.74,Partial,5
100648,36526,2024-03-27,Cardiology,K21.9,80053,Aetna,9863,6544.32,6544.32,3318.68,3318.68,Paid,35
100649,96784,2024-07-30,Emergency,R07.9,99214,Self-Pay,1746,1186.74,0,559.26,1746,Denied,49
100650,75606,2024-12-21,Pediatrics,I10,36415,Self-Pay,12783,10014.42,5549.97,2768.58,7233.03,Partial,115
100651,35452,2025-05-01,Pediatrics,J18.9,85025,Aetna,23940,17555.3,13659.29,6384.7,10280.71,Partial,161
100652,15324,2024-04-12,Orthopedics,M54.5,99213,UnitedHealthcare,23627,18965.85,18965.85,4661.15,4661.15,Paid,29
100653,22405,2024-06-16,Emergency,K21.9,80053,Medicaid,7621,5118.53,0,2502.47,7621,Denied,53
100654,79241,2025-08-17,Radiology,N39.0,93000,Blue Cross,7084,3925.32,3925.32,3158.68,3158.68,Paid,175
100655,99645,2024-04-02,Neurology,F41.9,85025,Medicare,19072,16531.05,16531.05,2540.95,2540.95,Paid,1
100656,43431,2025-07-12,Neurology,I10,70450,UnitedHealthcare,13880,12955.62,12955.62,924.38,924.38,Paid,147
100657,81192,2024-04-08,Cardiology,I10,93000,UnitedHealthcare,17877,11822.7,11822.7,6054.3,6054.3,Paid,103
100658,38098,2025-07-24,Radiology,J18.9,85025,Self-Pay,5936,4136.02,4136.02,1799.98,1799.98,Paid,157
100659,56526,2024-12-31,Cardiology,K21.9,93000,Blue Cross,7116,5029.28,3150.32,2086.72,3965.68,Partial,167
100660,13171,2025-09-22,Oncology,J18.9,36415,UnitedHealthcare,14399,10161.72,10161.72,4237.28,4237.28,Paid,8
100661,30082,2025-03-15,Pediatrics,J18.9,70450,Medicaid,6670,5484.89,0,1185.11,6670,Denied,172
100662,11581,2024-04-15,Oncology,F41.9,36415,Medicaid,15555,12416.65,12416.65,3138.35,3138.35,Paid,153
100663,55976,2024-03-29,Orthopedics,J18.9,80053,Medicaid,5015,3846.62,1695.63,1168.38,3319.37,Partial,70
100664,15820,2025-07-25,Pediatrics,E11.9,36415,Medicaid,21924,17325.19,0,4598.81,21924,Denied,97
100665,10076,2025-11-03,Oncology,M54.5,70450,Blue Cross,9022,5209.24,1409.88,3812.76,7612.12,Pending,157
100666,99607,2025-05-04,Radiology,N39.0,93000,Medicare,7702,6195.57,6195.57,1506.43,1506.43,Paid,66
100667,38760,2024-10-12,Pediatrics,J18.9,85025,Aetna,2761,2156.77,2156.77,604.23,604.23,Paid,7
100668,61768,2024-08-01,Emergency,F41.9,71046,UnitedHealthcare,24036,17474.16,17474.16,6561.84,6561.84,Paid,23
100669,63572,2025-09-12,Oncology,J18.9,71046,UnitedHealthcare,19512,15616.64,15616.64,3895.36,3895.36,Paid,7
100670,15866,2025-10-10,Pediatrics,N39.0,99214,Medicare,4778,4084.75,2131.02,693.25,2646.98,Partial,96
100671,90316,2025-01-27,Cardiology,J18.9,99213,Medicare,7832,4658.89,4658.89,3173.11,3173.11,Paid,1
100672,71698,2024-12-03,Oncology,K21.9,93000,UnitedHealthcare,18083,10999.81,7570.64,7083.19,10512.36,Partial,43
100673,29392,2025-01-28,Radiology,I10,71046,Self-Pay,10760,10167.44,10167.44,592.56,592.56,Paid,170
100674,14251,2025-01-01,Oncology,J18.9,36415,Self-Pay,3324,1845.78,1845.78,1478.22,1478.22,Paid,30
100675,50261,2024-11-04,Oncology,E11.9,36415,Blue Cross,13316,12040.06,12040.06,1275.94,1275.94,Paid,135
100676,80045,2024-12-20,Oncology,M54.5,70450,Aetna,7290,4656.35,4656.35,2633.65,2633.65,Paid,57
100677,88093,2024-11-19,Cardiology,F41.9,99214,Self-Pay,3186,2457.9,0,728.1,3186,Denied,4
100678,40722,2025-03-19,Cardiology,J18.9,71046,Aetna,18672,15493.68,15493.68,3178.32,3178.32,Paid,47
100679,63534,2024-04-17,Pediatrics,K21.9,70450,Blue Cross,16385,11258.48,11258.48,5126.52,5126.52,Paid,88
100680,49359,2025-07-05,Neurology,E11.9,85025,Cigna,19486,18035.55,18035.55,1450.45,1450.45,Paid,77
100681,49691,2025-12-02,Oncology,N39.0,93000,UnitedHealthcare,4125,2982.16,736.88,1142.84,3388.12,Pending,148
100682,89329,2024-08-22,Pediatrics,R07.9,80053,Blue Cross,4864,2842.95,2842.95,2021.05,2021.05,Paid,80
100683,28001,2025-06-16,Cardiology,K21.9,71046,Cigna,20635,18703.84,18703.84,1931.16,1931.16,Paid,132
100684,58408,2024-02-20,Cardiology,M54.5,80053,Blue Cross,21201,19692.7,19692.7,1508.3,1508.3,Paid,135
100685,41176,2025-10-10,Radiology,I10,99214,Cigna,19988,17662.1,17662.1,2325.9,2325.9,Paid,115
100686,83848,2025-05-20,Emergency,E11.9,70450,Cigna,18818,17275.07,7192.19,1542.93,11625.81,Partial,29
100687,49027,2025-04-27,Radiology,J18.9,80053,Blue Cross,8878,7645.21,7645.21,1232.79,1232.79,Paid,76
100688,53863,2025-12-19,Emergency,R07.9,70450,Blue Cross,1530,1308.97,1093.48,221.03,436.52,Partial,163
100689,16226,2025-06-26,Emergency,N39.0,85025,Blue Cross,23932,21248.55,0,2683.45,23932,Denied,111
100690,10664,2024-04-12,Radiology,F41.9,71046,Medicaid,14244,8315.65,4574.9,5928.35,9669.1,Partial,77
100691,99149,2024-07-05,Cardiology,N39.0,71046,Medicaid,15717,9542.16,7861.9,6174.84,7855.1,Partial,146
100692,88096,2024-08-28,Orthopedics,F41.9,99213,Cigna,12647,8882.07,8882.07,3764.93,3764.93,Paid,148
100693,19518,2025-12-25,Pediatrics,E11.9,85025,Blue Cross,14310,10411.31,10411.31,3898.69,3898.69,Paid,82
100694,70944,2025-12-30,Cardiology,M54.5,85025,Medicare,11720,7788.39,0,3931.61,11720,Denied,70
100695,96281,2024-03-27,Neurology,N39.0,99214,UnitedHealthcare,6747,4150.48,4150.48,2596.52,2596.52,Paid,27
100696,91959,2025-08-31,Radiology,M54.5,70450,UnitedHealthcare,16506,15669.68,0,836.32,16506,Denied,127
100697,96665,2024-06-09,Emergency,I10,85025,UnitedHealthcare,5333,4488.94,4488.94,844.06,844.06,Paid,88
100698,53591,2025-04-22,Orthopedics,N39.0,99214,Blue Cross,4658,3332.39,3332.39,1325.61,1325.61,Paid,176
100699,45849,2024-10-06,Orthopedics,E11.9,85025,UnitedHealthcare,4050,2862.21,2862.21,1187.79,1187.79,Paid,135
100700,84053,2025-01-13,Orthopedics,J18.9,99214,Aetna,17080,12898.72,12898.72,4181.28,4181.28,Paid,104
100701,33892,2024-09-21,Neurology,N39.0,99214,Medicaid,15671,10273.43,2365.32,5397.57,13305.68,Pending,20
100702,84249,2025-06-19,Pediatrics,K21.9,99214,Self-Pay,8574,6897.06,6897.06,1676.94,1676.94,Paid,81
100703,77432,2025-09-21,Orthopedics,E11.9,85025,Cigna,10076,7337.42,7337.42,2738.58,2738.58,Paid,42
100704,26385,2024-03-02,Pediatrics,M54.5,93000,Medicaid,6566,4934.86,4934.86,1631.14,1631.14,Paid,56
100705,66653,2025-02-06,Neurology,J18.9,93000,Medicaid,4455,3893.98,443.71,561.02,4011.29,Pending,114
100706,24771,2025-05-25,Radiology,N39.0,70450,Blue Cross,15359,12363.78,426.52,2995.22,14932.48,Pending,60
100707,74747,2025-12-17,Pediatrics,R07.9,99213,Medicaid,303,170.06,96.1,132.94,206.9,Partial,102
100708,97784,2024-05-01,Cardiology,R07.9,99213,Cigna,8442,6979.28,5815.75,1462.72,2626.25,Partial,102
100709,97158,2025-07-03,Oncology,N39.0,99214,Medicare,21147,13043.9,0,8103.1,21147,Denied,4
100710,24012,2025-12-07,Cardiology,R07.9,93000,Medicaid,14814,9745.97,9745.97,5068.03,5068.03,Paid,33
100711,62039,2025-06-08,Oncology,R07.9,99213,Cigna,15962,14210.49,14210.49,1751.51,1751.51,Paid,85
100712,75400,2025-01-11,Oncology,N39.0,70450,Aetna,16865,9340.24,9340.24,7524.76,7524.76,Paid,147
100713,98202,2024-12-10,Orthopedics,J18.9,99213,Self-Pay,14148,11609.09,11609.09,2538.91,2538.91,Paid,83
100714,50631,2024-05-31,Neurology,I10,71046,Aetna,9662,7004.73,7004.73,2657.27,2657.27,Paid,71
100715,84805,2025-05-07,Emergency,R07.9,80053,Aetna,21466,18188.04,18188.04,3277.96,3277.96,Paid,121
100716,77163,2024-05-22,Orthopedics,R07.9,36415,Cigna,19744,16791.65,2227.28,2952.35,17516.72,Pending,36
100717,95604,2024-03-29,Oncology,J18.9,71046,UnitedHealthcare,10938,7748.06,3768.99,3189.94,7169.01,Partial,71
100718,41216,2025-01-18,Neurology,J18.9,99214,Medicare,13929,12353.23,5165.95,1575.77,8763.05,Partial,165
100719,50768,2025-01-31,Radiology,K21.9,85025,Cigna,13032,12259.35,12259.35,772.65,772.65,Paid,26
100720,82067,2025-11-30,Emergency,N39.0,99214,UnitedHealthcare,19890,11725.04,11725.04,8164.96,8164.96,Paid,30
100721,51872,2025-11-12,Cardiology,J18.9,99213,Blue Cross,19226,14350.82,0,4875.18,19226,Denied,60
100722,12782,2024-08-10,Orthopedics,M54.5,99214,Medicaid,17398,14209.26,14209.26,3188.74,3188.74,Paid,28
100723,11969,2025-01-06,Cardiology,E11.9,80053,Self-Pay,3786,2288.95,2288.95,1497.05,1497.05,Paid,44
100724,60788,2024-01-25,Pediatrics,N39.0,99213,Blue Cross,1670,998,998,672,672,Paid,125
100725,62898,2025-02-05,Orthopedics,R07.9,70450,Medicaid,21429,14055.82,0,7373.18,21429,Denied,28
100726,70127,2024-09-08,Radiology,F41.9,93000,Self-Pay,12409,8988.8,8988.8,3420.2,3420.2,Paid,29
100727,66147,2024-01-26,Cardiology,R07.9,36415,Medicare,11034,9541.64,9541.64,1492.36,1492.36,Paid,106
100728,35785,2024-05-07,Cardiology,M54.5,99214,Aetna,17323,13155.96,3164.15,4167.04,14158.85,Pending,171
100729,17891,2024-08-27,Emergency,I10,93000,UnitedHealthcare,21426,18456.39,934.87,2969.61,20491.13,Pending,82
100730,43048,2024-07-20,Neurology,J18.9,70450,UnitedHealthcare,379,280.3,280.3,98.7,98.7,Paid,42
100731,73124,2025-01-10,Orthopedics,I10,36415,Aetna,22864,21377.58,21377.58,1486.42,1486.42,Paid,52
100732,29133,2024-12-08,Orthopedics,M54.5,71046,Medicare,20656,11995.98,6360.59,8660.02,14295.41,Partial,76
100733,33946,2025-12-14,Neurology,E11.9,70450,Medicare,17181,12314.34,12314.34,4866.66,4866.66,Paid,138
100734,83566,2025-06-04,Orthopedics,M54.5,80053,Medicaid,10366,6572.77,6572.77,3793.23,3793.23,Paid,96
100735,40311,2025-03-24,Emergency,E11.9,99214,Self-Pay,6067,3966.15,3966.15,2100.85,2100.85,Paid,130
100736,92189,2024-04-26,Pediatrics,F41.9,36415,Blue Cross,13451,12734.12,12734.12,716.88,716.88,Paid,21
100737,85455,2024-01-08,Emergency,J18.9,99213,Cigna,1068,735.56,366.33,332.44,701.67,Partial,35
100738,96968,2024-03-08,Radiology,R07.9,70450,Aetna,15805,10033.58,10033.58,5771.42,5771.42,Paid,76
100739,83015,2025-06-06,Cardiology,R07.9,80053,Cigna,17533,10693.88,10693.88,6839.12,6839.12,Paid,178
100740,53040,2024-09-06,Cardiology,I10,99213,Blue Cross,12426,9729.06,9729.06,2696.94,2696.94,Paid,39
100741,75795,2024-03-30,Pediatrics,E11.9,93000,Blue Cross,22449,19809.85,12781.94,2639.15,9667.06,Partial,130
100742,97566,2024-05-10,Neurology,F41.9,70450,UnitedHealthcare,24220,16857.95,2944.32,7362.05,21275.68,Pending,39
100743,69131,2025-08-01,Emergency,E11.9,85025,Self-Pay,2307,2028.05,1725.81,278.95,581.19,Partial,54
100744,67547,2025-09-11,Radiology,R07.9,70450,Medicare,13204,8842.8,4813.61,4361.2,8390.39,Partial,132
100745,36899,2025-01-15,Radiology,N39.0,36415,Medicaid,5262,4527.64,4527.64,734.36,734.36,Paid,165
100746,82463,2024-04-23,Oncology,E11.9,99214,Blue Cross,7071,6230.99,6230.99,840.01,840.01,Paid,127
100747,89793,2025-02-25,Emergency,N39.0,85025,UnitedHealthcare,8073,4855.77,4855.77,3217.23,3217.23,Paid,168
100748,14806,2025-03-15,Cardiology,I10,93000,UnitedHealthcare,8586,7806.46,3960.46,779.54,4625.54,Partial,52
100749,31397,2025-10-08,Radiology,N39.0,80053,UnitedHealthcare,18506,14543.77,14543.77,3962.23,3962.23,Paid,117
100750,18532,2025-07-06,Oncology,F41.9,93000,Blue Cross,11208,7110.51,6339.11,4097.49,4868.89,Partial,14
100751,95083,2025-12-22,Cardiology,R07.9,85025,Self-Pay,24674,16676.92,16676.92,7997.08,7997.08,Paid,18
100752,72240,2025-11-27,Pediatrics,M54.5,85025,Medicaid,4004,2315.92,0,1688.08,4004,Denied,50
100753,83287,2025-07-16,Radiology,F41.9,71046,UnitedHealthcare,20240,11474.53,11474.53,8765.47,8765.47,Paid,180
100754,18891,2025-02-26,Orthopedics,R07.9,70450,Self-Pay,12538,8597.43,4858.99,3940.57,7679.01,Partial,128
100755,31695,2024-08-20,Orthopedics,I10,71046,Medicare,16286,10090.15,5951.42,6195.85,10334.58,Partial,25
100756,56546,2025-01-22,Radiology,N39.0,99213,Medicaid,7931,5681.91,5681.91,2249.09,2249.09,Paid,179
100757,76847,2024-12-25,Orthopedics,M54.5,80053,Blue Cross,13178,10341.14,10341.14,2836.86,2836.86,Paid,143
100758,49909,2025-07-09,Emergency,F41.9,99213,Medicaid,13330,12440.66,12440.66,889.34,889.34,Paid,3
100759,45916,2024-06-13,Radiology,F41.9,99214,Cigna,15619,14724.47,12102.33,894.53,3516.67,Partial,4
100760,76799,2025-08-15,Radiology,J18.9,71046,Blue Cross,734,696.95,559.64,37.05,174.36,Partial,73
100761,30828,2025-03-09,Orthopedics,K21.9,85025,Blue Cross,20828,16890.2,12066.99,3937.8,8761.01,Partial,70
100762,80542,2025-10-27,Orthopedics,K21.9,80053,Medicaid,16506,9646.42,5953,6859.58,10553,Partial,60
100763,79456,2024-12-09,Radiology,R07.9,93000,Cigna,5478,4142.53,4142.53,1335.47,1335.47,Paid,51
100764,84459,2024-04-05,Pediatrics,E11.9,85025,Self-Pay,13241,8467.7,3.08,4773.3,13237.92,Pending,16
100765,34932,2024-05-31,Orthopedics,F41.9,85025,Blue Cross,22955,19138.58,19138.58,3816.42,3816.42,Paid,104
100766,76051,2024-12-06,Emergency,J18.9,99214,Blue Cross,10219,8887.87,8887.87,1331.13,1331.13,Paid,24
100767,72730,2025-08-10,Orthopedics,R07.9,99214,Medicaid,11327,9406.75,9406.75,1920.25,1920.25,Paid,152
100768,25672,2025-09-11,Pediatrics,N39.0,71046,Self-Pay,21958,12526.54,3117.43,9431.46,18840.57,Pending,34
100769,73988,2025-05-26,Cardiology,M54.5,99214,Self-Pay,16062,13214.89,13214.89,2847.11,2847.11,Paid,20
100770,95385,2024-01-01,Orthopedics,J18.9,71046,Self-Pay,16834,12394.29,12394.29,4439.71,4439.71,Paid,155
100771,88815,2025-05-11,Cardiology,F41.9,93000,Medicare,23473,16309.86,16309.86,7163.14,7163.14,Paid,137
100772,83821,2024-04-30,Radiology,N39.0,80053,Blue Cross,12002,7793.85,7793.85,4208.15,4208.15,Paid,100
100773,23968,2024-12-08,Neurology,J18.9,85025,Medicare,9556,7999.46,7999.46,1556.54,1556.54,Paid,109
100774,81821,2025-07-21,Neurology,J18.9,70450,Medicare,7655,4478.07,2411.01,3176.93,5243.99,Partial,61
100775,34601,2024-09-21,Cardiology,N39.0,71046,Medicare,16281,12724.26,3754.29,3556.74,12526.71,Pending,149
100776,13779,2025-09-24,Pediatrics,K21.9,85025,UnitedHealthcare,5615,4551.28,4551.28,1063.72,1063.72,Paid,112
100777,55005,2024-01-21,Pediatrics,E11.9,85025,Medicaid,8530,7861.07,5918.06,668.93,2611.94,Partial,164
100778,86563,2025-06-22,Emergency,I10,99213,Aetna,16955,14787.1,14787.1,2167.9,2167.9,Paid,145
100779,74008,2024-06-19,Emergency,F41.9,80053,Medicaid,23832,16234.64,16234.64,7597.36,7597.36,Paid,166
100780,40999,2025-12-29,Oncology,I10,99213,Cigna,2544,2220.67,1100.14,323.33,1443.86,Partial,115
100781,89386,2025-04-13,Pediatrics,F41.9,99214,Self-Pay,10042,7229.1,7229.1,2812.9,2812.9,Paid,118
100782,49343,2025-05-06,Radiology,R07.9,36415,Blue Cross,1365,1153.91,1153.91,211.09,211.09,Paid,134
100783,42212,2025-06-16,Cardiology,F41.9,93000,Medicaid,6022,3395.43,3395.43,2626.57,2626.57,Paid,114
100784,10120,2024-01-06,Emergency,I10,85025,Blue Cross,11320,9847.75,9847.75,1472.25,1472.25,Paid,50
100785,94571,2024-05-29,Neurology,I10,99213,UnitedHealthcare,22968,13479.75,13479.75,9488.25,9488.25,Paid,94
100786,68442,2024-01-01,Orthopedics,F41.9,93000,Medicare,10575,7205.37,5684.29,3369.63,4890.71,Partial,120
100787,51198,2024-10-20,Radiology,M54.5,36415,Blue Cross,7812,4377.51,4377.51,3434.49,3434.49,Paid,119
100788,15720,2025-08-30,Radiology,E11.9,80053,Cigna,13846,10274.46,10274.46,3571.54,3571.54,Paid,135
100789,52778,2025-03-11,Emergency,K21.9,99214,Aetna,20384,18329.92,18329.92,2054.08,2054.08,Paid,23
100790,24990,2024-10-21,Neurology,E11.9,99213,Aetna,4164,3646.37,3646.37,517.63,517.63,Paid,24
100791,87213,2024-05-22,Emergency,N39.0,85025,Blue Cross,21164,17018.7,8444.39,4145.3,12719.61,Partial,72
100792,91530,2024-05-22,Neurology,N39.0,36415,Medicare,23414,14367.25,0,9046.75,23414,Denied,161
100793,43422,2024-08-18,Emergency,R07.9,70450,Blue Cross,21511,14053.75,0,7457.25,21511,Denied,42
100794,73117,2025-09-04,Pediatrics,I10,93000,Self-Pay,554,525,525,29,29,Paid,85
100795,13150,2025-08-05,Cardiology,R07.9,71046,Medicaid,12923,9588.59,4378.22,3334.41,8544.78,Partial,102
100796,47984,2025-11-04,Emergency,K21.9,93000,Self-Pay,6997,6338.52,6338.52,658.48,658.48,Paid,43
100797,64843,2025-01-26,Radiology,J18.9,36415,Cigna,2467,2095.68,2095.68,371.32,371.32,Paid,156
100798,96970,2025-05-08,Pediatrics,N39.0,93000,Blue Cross,19983,18753.39,18753.39,1229.61,1229.61,Paid,126
100799,61869,2025-03-29,Pediatrics,F41.9,71046,Aetna,12088,7207.21,7207.21,4880.79,4880.79,Paid,110
100800,91194,2024-12-27,Orthopedics,I10,99214,Cigna,7565,6076.88,0,1488.12,7565,Denied,178
100801,81213,2025-10-25,Orthopedics,F41.9,36415,UnitedHealthcare,10815,7912.47,1381.77,2902.53,9433.23,Pending,93
100802,58814,2025-05-05,Emergency,F41.9,80053,Medicare,4688,3190.49,3190.49,1497.51,1497.51,Paid,15
100803,35403,2025-03-14,Radiology,I10,99213,Blue Cross,247,152.09,152.09,94.91,94.91,Paid,94
100804,19206,2024-11-28,Radiology,I10,70450,Aetna,19040,10931.9,0,8108.1,19040,Denied,5
100805,24627,2024-12-21,Orthopedics,E11.9,85025,UnitedHealthcare,8620,6172.64,6172.64,2447.36,2447.36,Paid,60
100806,65951,2024-08-19,Neurology,M54.5,85025,UnitedHealthcare,18537,17173.62,17173.62,1363.38,1363.38,Paid,157
100807,65599,2025-07-08,Orthopedics,J18.9,80053,UnitedHealthcare,21620,19496.27,19496.27,2123.73,2123.73,Paid,124
100808,21833,2024-02-06,Neurology,M54.5,93000,Self-Pay,23624,15273.35,6161.93,8350.65,17462.07,Partial,66
100809,53572,2024-01-24,Neurology,N39.0,93000,Medicare,8851,6895.39,5865.1,1955.61,2985.9,Partial,107
100810,53305,2025-06-13,Emergency,F41.9,99213,Self-Pay,14266,11842.49,11842.49,2423.51,2423.51,Paid,0
100811,24831,2025-08-31,Orthopedics,I10,70450,Aetna,18588,15588.89,15588.89,2999.11,2999.11,Paid,14
100812,55817,2025-03-09,Radiology,R07.9,71046,Self-Pay,7206,6104.19,6104.19,1101.81,1101.81,Paid,79
100813,48020,2024-11-06,Radiology,M54.5,99214,Cigna,9204,6623.38,0,2580.62,9204,Denied,80
100814,22998,2025-10-07,Cardiology,R07.9,36415,Self-Pay,16584,13157.26,1498.18,3426.74,15085.82,Pending,53
100815,37311,2025-09-07,Orthopedics,N39.0,99213,Self-Pay,22004,19840.86,19840.86,2163.14,2163.14,Paid,26
100816,10508,2025-10-31,Radiology,M54.5,93000,Cigna,15871,12032.22,12032.22,3838.78,3838.78,Paid,136
100817,12138,2024-02-27,Emergency,I10,36415,Blue Cross,5819,3348.69,3348.69,2470.31,2470.31,Paid,82
100818,69801,2025-05-13,Emergency,K21.9,80053,Medicare,11324,10036.8,10036.8,1287.2,1287.2,Paid,52
100819,23344,2024-07-09,Orthopedics,J18.9,93000,Blue Cross,22977,21018.33,21018.33,1958.67,1958.67,Paid,147
100820,40238,2025-12-07,Pediatrics,N39.0,36415,UnitedHealthcare,13792,8390.85,0,5401.15,13792,Denied,14
100821,68976,2024-09-16,Orthopedics,I10,71046,Aetna,10793,7367.87,7367.87,3425.13,3425.13,Paid,143
100822,82029,2025-08-18,Radiology,F41.9,36415,Cigna,12588,7899.11,7899.11,4688.89,4688.89,Paid,27
100823,70489,2024-09-30,Emergency,I10,93000,Self-Pay,5413,3090.82,3090.82,2322.18,2322.18,Paid,107
100824,24959,2024-03-28,Orthopedics,M54.5,71046,UnitedHealthcare,21912,16153.66,11239.62,5758.34,10672.38,Partial,155
100825,92062,2025-11-27,Radiology,R07.9,85025,Aetna,6391,5209.93,5209.93,1181.07,1181.07,Paid,105
100826,43964,2025-01-27,Neurology,F41.9,93000,Aetna,19082,12491.94,12491.94,6590.06,6590.06,Paid,136
100827,83805,2025-07-07,Cardiology,J18.9,99213,Medicaid,20034,17769.63,17769.63,2264.37,2264.37,Paid,121
100828,24808,2025-03-05,Orthopedics,N39.0,99213,Medicaid,23415,20375.94,4795.64,3039.06,18619.36,Pending,30
100829,16436,2024-06-26,Oncology,F41.9,36415,Medicaid,17440,11097.34,0,6342.66,17440,Denied,117
100830,23783,2025-10-21,Cardiology,K21.9,99214,Blue Cross,16554,12841.18,12841.18,3712.82,3712.82,Paid,30
100831,79747,2024-03-11,Cardiology,N39.0,70450,Blue Cross,3193,2007.58,1244.45,1185.42,1948.55,Partial,158
100832,51822,2024-09-01,Radiology,I10,85025,Blue Cross,19104,11514.59,11514.59,7589.41,7589.41,Paid,174
100833,14289,2025-08-29,Orthopedics,M54.5,71046,UnitedHealthcare,23224,16587.27,16587.27,6636.73,6636.73,Paid,64
100834,89312,2025-07-20,Orthopedics,K21.9,70450,UnitedHealthcare,5951,5018.07,5018.07,932.93,932.93,Paid,88
100835,86643,2024-07-17,Radiology,J18.9,85025,Medicaid,12923,11688.48,11688.48,1234.52,1234.52,Paid,176
100836,72951,2024-12-17,Pediatrics,I10,36415,Medicaid,3288,2379.03,2379.03,908.97,908.97,Paid,169
100837,96638,2024-10-17,Neurology,K21.9,71046,UnitedHealthcare,3248,2572.95,2572.95,675.05,675.05,Paid,3
100838,93091,2025-09-01,Radiology,N39.0,93000,Medicaid,10589,6661.17,6661.17,3927.83,3927.83,Paid,1
100839,74684,2024-02-22,Orthopedics,F41.9,36415,Cigna,17305,9956.44,9956.44,7348.56,7348.56,Paid,94
100840,78775,2024-10-24,Neurology,M54.5,70450,Medicare,9493,8939.19,908.83,553.81,8584.17,Pending,127
100841,61672,2024-12-26,Neurology,I10,36415,Blue Cross,8049,5748.07,5748.07,2300.93,2300.93,Paid,98
100842,56204,2025-11-12,Oncology,R07.9,93000,Medicare,22627,16776.79,16776.79,5850.21,5850.21,Paid,126
100843,11485,2024-06-05,Emergency,N39.0,99214,UnitedHealthcare,22034,20634.91,16696.44,1399.09,5337.56,Partial,65
100844,58805,2025-04-23,Neurology,J18.9,99213,Cigna,690,613.13,613.13,76.87,76.87,Paid,153
100845,38009,2025-03-05,Radiology,R07.9,36415,Aetna,8264,7351.16,7351.16,912.84,912.84,Paid,33
100846,78969,2025-11-18,Radiology,M54.5,36415,Medicare,6838,5619.64,5619.64,1218.36,1218.36,Paid,46
100847,26416,2025-01-10,Emergency,N39.0,80053,Self-Pay,10260,9510.49,9510.49,749.51,749.51,Paid,46
100848,46295,2024-10-09,Pediatrics,E11.9,36415,Medicaid,21611,15090.65,3354.42,6520.35,18256.58,Pending,65
100849,87848,2024-11-15,Emergency,K21.9,80053,Aetna,21709,14824.78,14824.78,6884.22,6884.22,Paid,81
100850,19637,2024-03-04,Neurology,R07.9,99213,Medicare,23553,15350.22,1482.63,8202.78,22070.37,Pending,148
100851,35713,2025-09-17,Pediatrics,K21.9,80053,Blue Cross,9979,6769.76,3275.79,3209.24,6703.21,Partial,55
100852,82148,2025-06-03,Pediatrics,F41.9,93000,Blue Cross,7657,4966.77,2092.43,2690.23,5564.57,Partial,133
100853,30216,2025-11-01,Neurology,F41.9,70450,Medicare,3937,3647.86,1766.32,289.14,2170.68,Partial,18
100854,51974,2025-09-18,Orthopedics,E11.9,70450,Medicaid,13303,10338.9,10338.9,2964.1,2964.1,Paid,124
100855,30804,2025-07-15,Orthopedics,R07.9,71046,Aetna,23209,13310.05,5411.1,9898.95,17797.9,Partial,69
100856,93761,2024-08-25,Oncology,I10,93000,Aetna,17087,11155.69,11155.69,5931.31,5931.31,Paid,100
100857,82814,2025-01-01,Radiology,F41.9,71046,Blue Cross,24389,13531.3,9954.41,10857.7,14434.59,Partial,97
100858,12187,2024-12-08,Orthopedics,R07.9,70450,Cigna,10692,6633.72,5465.78,4058.28,5226.22,Partial,7
100859,47802,2025-04-03,Pediatrics,F41.9,85025,Blue Cross,8004,7342.67,7342.67,661.33,661.33,Paid,10
100860,73264,2025-10-14,Cardiology,E11.9,99214,Medicare,15193,11685.42,6166.13,3507.58,9026.87,Partial,79
100861,55413,2024-09-21,Orthopedics,I10,99214,Medicare,23708,19738.97,0,3969.03,23708,Denied,73
100862,96580,2025-09-02,Neurology,M54.5,80053,Cigna,7243,4845.05,4845.05,2397.95,2397.95,Paid,86
100863,42502,2025-05-11,Radiology,K21.9,71046,Medicaid,20186,12872.08,6070.02,7313.92,14115.98,Partial,3
100864,63727,2025-04-20,Oncology,N39.0,80053,Cigna,22509,17057.44,9358.89,5451.56,13150.11,Partial,5
100865,51513,2025-07-18,Orthopedics,I10,99213,Cigna,5755,4970.84,4970.84,784.16,784.16,Paid,138
100866,36115,2024-05-18,Pediatrics,K21.9,70450,Aetna,23550,19789.89,14947.07,3760.11,8602.93,Partial,67
100867,96860,2024-03-08,Neurology,J18.9,71046,UnitedHealthcare,21070,16175.19,16175.19,4894.81,4894.81,Paid,120
100868,53333,2024-04-17,Cardiology,R07.9,71046,UnitedHealthcare,2605,1647.34,1647.34,957.66,957.66,Paid,147
100869,61921,2024-08-19,Emergency,K21.9,85025,UnitedHealthcare,23664,16901.14,16901.14,6762.86,6762.86,Paid,39
100870,99716,2025-05-29,Pediatrics,R07.9,93000,Medicare,21218,11888.69,11888.69,9329.31,9329.31,Paid,29
100871,94791,2024-12-25,Cardiology,R07.9,36415,Medicare,13605,12448.38,12448.38,1156.62,1156.62,Paid,151
100872,99576,2025-02-04,Radiology,K21.9,80053,UnitedHealthcare,22426,17155.08,17155.08,5270.92,5270.92,Paid,131
100873,20310,2025-09-17,Orthopedics,K21.9,71046,Self-Pay,19654,16006.51,13417.25,3647.49,6236.75,Partial,92
100874,38638,2024-06-06,Oncology,K21.9,80053,Aetna,12273,8565.89,8565.89,3707.11,3707.11,Paid,126
100875,63447,2024-05-11,Radiology,J18.9,93000,Cigna,22149,16903.87,3393.09,5245.13,18755.91,Pending,168
100876,60420,2024-02-28,Pediatrics,M54.5,93000,Medicaid,2911,1919.5,1919.5,991.5,991.5,Paid,11
100877,24840,2024-07-07,Pediatrics,K21.9,85025,Self-Pay,7081,5808.51,5808.51,1272.49,1272.49,Paid,111
100878,15319,2025-12-25,Orthopedics,M54.5,71046,Medicaid,10384,6256.9,3641.36,4127.1,6742.64,Partial,76
100879,50838,2024-07-14,Cardiology,R07.9,36415,Self-Pay,21634,19332.26,19332.26,2301.74,2301.74,Paid,31
100880,26419,2025-09-02,Cardiology,I10,93000,Blue Cross,18203,11271.15,11271.15,6931.85,6931.85,Paid,154
100881,33433,2024-03-20,Orthopedics,I10,85025,Blue Cross,6181,4670.24,2232.01,1510.76,3948.99,Partial,149
100882,89135,2024-08-02,Cardiology,R07.9,71046,Medicare,15406,11805.3,0,3600.7,15406,Denied,170
100883,56182,2024-07-20,Orthopedics,E11.9,80053,Cigna,13417,10291.04,10291.04,3125.96,3125.96,Paid,64
100884,54416,2025-11-13,Pediatrics,M54.5,70450,UnitedHealthcare,17365,16143.02,16143.02,1221.98,1221.98,Paid,90
100885,10003,2025-04-08,Neurology,M54.5,71046,Cigna,14941,11067.43,11067.43,3873.57,3873.57,Paid,108
100886,63418,2025-07-10,Cardiology,I10,80053,Medicare,9705,6723.81,6723.81,2981.19,2981.19,Paid,138
100887,67940,2024-06-24,Radiology,E11.9,93000,Medicaid,20568,17725.39,17725.39,2842.61,2842.61,Paid,95
100888,10208,2025-12-22,Radiology,J18.9,85025,Aetna,21858,17714.44,17714.44,4143.56,4143.56,Paid,13
100889,93107,2025-11-19,Radiology,J18.9,99214,Medicaid,20050,13494.12,13494.12,6555.88,6555.88,Paid,173
100890,74953,2024-05-02,Radiology,N39.0,80053,Medicaid,17149,15174.58,0,1974.42,17149,Denied,102
100891,72511,2025-08-25,Orthopedics,J18.9,85025,Aetna,22758,13615.85,13615.85,9142.15,9142.15,Paid,176
100892,35940,2024-10-01,Pediatrics,I10,70450,Medicaid,10462,6784.52,621.71,3677.48,9840.29,Pending,148
100893,66314,2024-01-12,Cardiology,K21.9,85025,Self-Pay,15868,10031.43,10031.43,5836.57,5836.57,Paid,58
100894,14768,2025-06-21,Cardiology,E11.9,71046,Medicare,17019,9726.16,9726.16,7292.84,7292.84,Paid,79
100895,89952,2025-03-01,Emergency,N39.0,80053,Self-Pay,12399,7078.35,2987.33,5320.65,9411.67,Partial,155
100896,37329,2024-10-04,Orthopedics,E11.9,93000,Medicare,2276,1982.15,1173.17,293.85,1102.83,Partial,51
100897,66979,2025-08-15,Oncology,E11.9,85025,UnitedHealthcare,11068,9337.2,4337.86,1730.8,6730.14,Partial,108
100898,85370,2025-10-21,Orthopedics,R07.9,99213,UnitedHealthcare,10489,6295.37,6295.37,4193.63,4193.63,Paid,61
100899,14319,2024-09-23,Neurology,J18.9,70450,Blue Cross,23983,21819.86,21819.86,2163.14,2163.14,Paid,27
100900,84960,2025-09-07,Cardiology,N39.0,80053,Blue Cross,20112,11530.39,11530.39,8581.61,8581.61,Paid,133
100901,51193,2024-03-19,Orthopedics,M54.5,99213,Aetna,22477,16189.31,8573.59,6287.69,13903.41,Partial,105
100902,96156,2024-07-24,Orthopedics,E11.9,99213,UnitedHealthcare,20219,17695.82,17695.82,2523.18,2523.18,Paid,41
100903,21069,2024-02-29,Pediatrics,I10,36415,Medicare,2751,2412.13,1617.54,338.87,1133.46,Partial,138
100904,62866,2024-03-16,Neurology,K21.9,93000,Aetna,12222,7492.16,1544.91,4729.84,10677.09,Pending,40
100905,26580,2024-04-08,Oncology,F41.9,70450,Self-Pay,8209,7216.02,7216.02,992.98,992.98,Paid,176
100906,68089,2025-01-01,Orthopedics,E11.9,71046,Aetna,11973,9625.83,9625.83,2347.17,2347.17,Paid,165
100907,11928,2024-06-27,Radiology,I10,99214,Medicare,9284,5369.93,5369.93,3914.07,3914.07,Paid,51
100908,55367,2025-10-19,Orthopedics,M54.5,99214,Medicaid,13255,12093.34,12093.34,1161.66,1161.66,Paid,146
100909,31134,2024-06-06,Emergency,E11.9,36415,Medicaid,18334,11207.19,11207.19,7126.81,7126.81,Paid,148
100910,60165,2025-05-03,Cardiology,K21.9,80053,Medicaid,14724,8311.55,8311.55,6412.45,6412.45,Paid,65
100911,73387,2024-12-11,Radiology,I10,36415,Medicare,8718,6138.12,871.5,2579.88,7846.5,Pending,66
100912,65569,2024-03-02,Emergency,I10,99214,Medicaid,20219,15598.45,0,4620.55,20219,Denied,83
100913,86365,2024-01-15,Orthopedics,M54.5,80053,Medicaid,4518,3013.6,3013.6,1504.4,1504.4,Paid,132
100914,78801,2024-12-05,Emergency,N39.0,99214,Blue Cross,22357,19446.15,2063.72,2910.85,20293.28,Pending,61
100915,22384,2025-06-26,Pediatrics,J18.9,85025,Cigna,10296,8194.85,8194.85,2101.15,2101.15,Paid,126
100916,36696,2024-10-28,Neurology,M54.5,71046,Cigna,24278,19406.88,10567.2,4871.12,13710.8,Partial,164
100917,93636,2024-02-16,Orthopedics,M54.5,71046,Medicaid,10299,8848.97,955.37,1450.03,9343.63,Pending,77
100918,76903,2025-02-02,Emergency,M54.5,71046,Aetna,8186,5648.26,5648.26,2537.74,2537.74,Paid,156
100919,76746,2025-02-12,Neurology,F41.9,70450,Blue Cross,2132,1814.21,0,317.79,2132,Denied,10
100920,20476,2024-12-14,Oncology,F41.9,93000,Medicaid,2789,2622.45,2622.45,166.55,166.55,Paid,11
100921,71404,2024-01-25,Orthopedics,N39.0,93000,Medicare,3166,2997.22,2997.22,168.78,168.78,Paid,34
100922,64381,2024-10-13,Radiology,K21.9,71046,Blue Cross,1749,1329.32,1329.32,419.68,419.68,Paid,100
100923,80845,2025-07-30,Emergency,I10,80053,Aetna,20275,12338.74,12338.74,7936.26,7936.26,Paid,59
100924,38633,2024-07-17,Cardiology,F41.9,36415,Medicaid,7872,5489.55,0,2382.45,7872,Denied,3
100925,21473,2025-11-13,Oncology,R07.9,70450,Self-Pay,10687,6743.3,0,3943.7,10687,Denied,79
100926,59799,2024-05-21,Pediatrics,R07.9,36415,Cigna,13348,12500.95,12500.95,847.05,847.05,Paid,81
100927,36061,2024-07-27,Radiology,N39.0,80053,Medicaid,9540,8831.12,4678.24,708.88,4861.76,Partial,157
100928,15493,2024-06-01,Emergency,F41.9,99214,Cigna,17220,14810.82,12739.09,2409.18,4480.91,Partial,27
100929,73953,2024-03-28,Neurology,M54.5,93000,Aetna,19196,14230.13,14230.13,4965.87,4965.87,Paid,151
100930,30489,2024-05-31,Oncology,K21.9,70450,Blue Cross,18791,13722.42,13722.42,5068.58,5068.58,Paid,180
100931,97259,2024-01-31,Emergency,N39.0,71046,UnitedHealthcare,12389,8968.97,8968.97,3420.03,3420.03,Paid,15
100932,55973,2024-06-21,Emergency,M54.5,99214,Cigna,24620,16811.52,116.29,7808.48,24503.71,Pending,86
100933,22048,2024-12-01,Cardiology,N39.0,99213,UnitedHealthcare,24839,18786.23,18786.23,6052.77,6052.77,Paid,170
100934,15997,2024-04-28,Emergency,I10,99214,UnitedHealthcare,20215,13925.9,13925.9,6289.1,6289.1,Paid,178
100935,66608,2025-03-14,Cardiology,F41.9,85025,Medicaid,13214,8646.67,8646.67,4567.33,4567.33,Paid,144
100936,23103,2025-10-27,Cardiology,M54.5,85025,Blue Cross,14577,13673.27,11346.81,903.73,3230.19,Partial,87
100937,84588,2024-01-13,Pediatrics,F41.9,71046,Cigna,8247,6120.45,5452.89,2126.55,2794.11,Partial,116
100938,73022,2024-08-20,Cardiology,I10,36415,Aetna,9967,8793.33,5589.01,1173.67,4377.99,Partial,103
100939,83791,2025-03-15,Cardiology,F41.9,93000,Medicaid,374,208.59,208.59,165.41,165.41,Paid,163
100940,34808,2024-09-27,Orthopedics,E11.9,36415,UnitedHealthcare,22508,20032.44,12137.81,2475.56,10370.19,Partial,148
100941,27772,2024-04-09,Radiology,M54.5,93000,Medicaid,14777,13091.94,13091.94,1685.06,1685.06,Paid,35
100942,54862,2025-05-12,Orthopedics,F41.9,80053,Self-Pay,22439,12902.17,12902.17,9536.83,9536.83,Paid,109
100943,78175,2024-05-11,Orthopedics,R07.9,80053,Cigna,3988,3645.63,0,342.37,3988,Denied,3
100944,95955,2024-01-12,Oncology,R07.9,99214,Medicaid,4865,4483.52,4483.52,381.48,381.48,Paid,66
100945,24654,2025-12-05,Orthopedics,F41.9,99214,Cigna,3910,2159.88,2159.88,1750.12,1750.12,Paid,54
100946,29168,2024-10-23,Neurology,R07.9,36415,Self-Pay,17960,11023.33,11023.33,6936.67,6936.67,Paid,173
100947,28790,2024-10-15,Cardiology,J18.9,36415,Cigna,24127,15175.32,15175.32,8951.68,8951.68,Paid,136
100948,38145,2025-06-02,Cardiology,J18.9,71046,Medicaid,2760,1834.66,1465.34,925.34,1294.66,Partial,148
100949,32980,2025-12-03,Oncology,R07.9,99213,Aetna,7724,6051.48,2577.68,1672.52,5146.32,Partial,145
100950,22497,2024-08-05,Neurology,E11.9,99213,Aetna,19350,16412.34,14347.13,2937.66,5002.87,Partial,160
100951,32184,2025-01-11,Orthopedics,I10,85025,Aetna,6165,4308.65,0,1856.35,6165,Denied,16
100952,39384,2025-08-02,Oncology,F41.9,71046,Aetna,1877,1416.2,1416.2,460.8,460.8,Paid,157
100953,96334,2024-09-02,Emergency,E11.9,93000,Medicaid,15945,12233.66,12233.66,3711.34,3711.34,Paid,154
100954,92513,2025-06-24,Cardiology,K21.9,85025,Blue Cross,321,229.55,229.55,91.45,91.45,Paid,154
100955,12962,2025-05-04,Orthopedics,K21.9,70450,Blue Cross,4560,3962.06,0,597.94,4560,Denied,145
100956,86576,2025-10-04,Emergency,M54.5,80053,Cigna,24863,16523.18,16523.18,8339.82,8339.82,Paid,140
100957,11896,2024-03-14,Emergency,J18.9,36415,Blue Cross,20450,13968.76,7662.84,6481.24,12787.16,Partial,40
100958,74456,2024-03-11,Pediatrics,E11.9,99213,Aetna,12320,7895.94,271.39,4424.06,12048.61,Pending,108
100959,80203,2025-04-07,Oncology,E11.9,70450,Self-Pay,6164,5260.73,5260.73,903.27,903.27,Paid,42
100960,92850,2025-03-10,Oncology,N39.0,80053,Cigna,11652,8846.24,8846.24,2805.76,2805.76,Paid,1
100961,33728,2025-12-29,Pediatrics,N39.0,99214,Medicare,6853,5717.05,0,1135.95,6853,Denied,43
100962,27940,2025-12-05,Pediatrics,K21.9,99213,UnitedHealthcare,18431,14748.64,14748.64,3682.36,3682.36,Paid,2
100963,47434,2024-03-21,Neurology,M54.5,99214,Self-Pay,10494,7594,7594,2900,2900,Paid,108
100964,99277,2024-06-14,Oncology,K21.9,99214,Medicare,21213,17540.86,17540.86,3672.14,3672.14,Paid,11
100965,48248,2025-02-10,Emergency,E11.9,99214,Self-Pay,8924,6637.38,6637.38,2286.62,2286.62,Paid,21
100966,62735,2025-08-25,Emergency,N39.0,85025,Medicare,11420,8844.43,1871.55,2575.57,9548.45,Pending,172
100967,37274,2024-01-24,Pediatrics,J18.9,80053,Cigna,11670,10546.79,10546.79,1123.21,1123.21,Paid,116
100968,97844,2025-01-03,Radiology,J18.9,85025,Cigna,2134,1798.67,0,335.33,2134,Denied,158
100969,46270,2025-07-25,Pediatrics,E11.9,85025,Aetna,1664,1139.67,948.39,524.33,715.61,Partial,179
100970,33187,2024-11-01,Orthopedics,F41.9,36415,Medicare,12822,9716.29,0,3105.71,12822,Denied,79
100971,84060,2024-02-22,Oncology,N39.0,99213,UnitedHealthcare,23896,18732.43,18732.43,5163.57,5163.57,Paid,105
100972,65728,2024-12-23,Pediatrics,M54.5,99213,Self-Pay,386,274.6,10.76,111.4,375.24,Pending,36
100973,49868,2025-04-30,Pediatrics,M54.5,71046,Self-Pay,24657,13810.85,13810.85,10846.15,10846.15,Paid,130
100974,30691,2024-04-08,Pediatrics,F41.9,80053,Cigna,6712,4060.14,4060.14,2651.86,2651.86,Paid,34
100975,93772,2024-04-01,Pediatrics,K21.9,71046,UnitedHealthcare,10726,6391.31,6391.31,4334.69,4334.69,Paid,65
100976,50020,2025-09-01,Emergency,R07.9,71046,Blue Cross,3819,2568.02,2568.02,1250.98,1250.98,Paid,109
100977,17543,2025-08-25,Oncology,M54.5,99214,Aetna,7955,4611.57,21.44,3343.43,7933.56,Pending,53
100978,14247,2025-10-21,Oncology,M54.5,99213,Cigna,24625,18835.82,18835.82,5789.18,5789.18,Paid,179
100979,39553,2025-02-09,Pediatrics,K21.9,80053,Cigna,11595,9772.09,2040.33,1822.91,9554.67,Pending,36
100980,56491,2024-01-01,Orthopedics,E11.9,85025,Medicaid,11863,6604.67,6604.67,5258.33,5258.33,Paid,46
100981,88187,2025-03-09,Neurology,K21.9,99214,Medicaid,6948,4231.57,0,2716.43,6948,Denied,64
100982,11210,2024-12-28,Neurology,J18.9,71046,Blue Cross,24117,18839.15,8208.42,5277.85,15908.58,Partial,132
100983,54671,2025-11-29,Cardiology,R07.9,36415,Medicare,6687,5652.55,0,1034.45,6687,Denied,46
100984,47947,2024-09-15,Cardiology,J18.9,99214,Aetna,14319,11068.16,0,3250.84,14319,Denied,10
100985,59757,2025-08-29,Neurology,E11.9,99214,Blue Cross,3765,3572.54,3572.54,192.46,192.46,Paid,91
100986,51083,2025-07-04,Emergency,K21.9,36415,Aetna,5663,3246.61,1401.87,2416.39,4261.13,Partial,176
100987,72764,2025-07-13,Neurology,F41.9,71046,UnitedHealthcare,6037,3724.22,3724.22,2312.78,2312.78,Paid,131
100988,42712,2024-10-08,Oncology,F41.9,93000,Medicare,21098,13645.25,13645.25,7452.75,7452.75,Paid,82
100989,59322,2024-04-13,Radiology,F41.9,80053,Cigna,3936,3502.36,3502.36,433.64,433.64,Paid,161
100990,30562,2024-05-13,Oncology,J18.9,99213,Medicare,12539,11728.46,8464.5,810.54,4074.5,Partial,132
100991,69842,2024-02-08,Neurology,R07.9,93000,Medicare,5529,3347.73,768.33,2181.27,4760.67,Pending,29
100992,39746,2025-04-16,Radiology,K21.9,85025,Blue Cross,19483,15889.25,10968.47,3593.75,8514.53,Partial,176
100993,60429,2025-11-06,Orthopedics,M54.5,85025,UnitedHealthcare,6639,4885.19,1004.78,1753.81,5634.22,Pending,64
100994,50982,2025-01-27,Emergency,N39.0,93000,Medicare,16014,10698.36,0,5315.64,16014,Denied,166
100995,42113,2025-05-15,Emergency,K21.9,85025,UnitedHealthcare,4129,2674.23,2674.23,1454.77,1454.77,Paid,55
100996,59800,2025-01-13,Orthopedics,K21.9,93000,UnitedHealthcare,20923,19101.98,0,1821.02,20923,Denied,44
100997,77313,2024-01-02,Cardiology,K21.9,36415,UnitedHealthcare,12542,7664.48,0,4877.52,12542,Denied,16
100998,11545,2024-04-15,Neurology,F41.9,99213,Self-Pay,23704,19233.7,8794.81,4470.3,14909.19,Partial,5
100999,79620,2025-01-13,Pediatrics,I10,70450,Cigna,19635,11965.01,11965.01,7669.99,7669.99,Paid,117
101000,87302,2024-11-16,Neurology,K21.9,71046,Aetna,4249,3483.6,3483.6,765.4,765.4,Paid,118
101001,53498,2025-06-04,Orthopedics,F41.9,71046,Blue Cross,1754,1422.42,0,331.58,1754,Denied,156
101002,59920,2025-10-09,Neurology,K21.9,71046,Cigna,20156,12271.92,12271.92,7884.08,7884.08,Paid,101
101003,97446,2025-05-04,Neurology,N39.0,93000,Self-Pay,23569,18856.42,18856.42,4712.58,4712.58,Paid,1
101004,96441,2025-05-18,Oncology,M54.5,36415,Medicaid,14964,11898,11898,3066,3066,Paid,60
101005,41163,2024-07-13,Radiology,R07.9,80053,Self-Pay,14790,8289.15,7226.29,6500.85,7563.71,Partial,58
101006,75556,2024-10-18,Neurology,M54.5,99214,Medicaid,16069,13089.42,7382.91,2979.58,8686.09,Partial,159
101007,75434,2025-12-29,Emergency,R07.9,99214,Self-Pay,22488,17766.42,17766.42,4721.58,4721.58,Paid,86
101008,69940,2024-05-04,Emergency,N39.0,80053,Medicaid,18372,15709.25,15709.25,2662.75,2662.75,Paid,128
101009,83861,2024-09-05,Neurology,K21.9,99214,UnitedHealthcare,18749,11632.94,11632.94,7116.06,7116.06,Paid,75
101010,77556,2025-09-18,Emergency,J18.9,36415,Self-Pay,8484,4697.39,3936.4,3786.61,4547.6,Partial,119
101011,79065,2024-01-28,Neurology,J18.9,71046,Medicaid,4626,2917.16,2917.16,1708.84,1708.84,Paid,161
101012,21426,2025-03-30,Orthopedics,M54.5,85025,Cigna,2498,1656.08,1656.08,841.92,841.92,Paid,81
101013,82065,2025-08-18,Oncology,F41.9,80053,Cigna,15772,12837.63,12837.63,2934.37,2934.37,Paid,164
101014,65503,2025-01-23,Neurology,F41.9,80053,UnitedHealthcare,6956,5486.59,5486.59,1469.41,1469.41,Paid,109
101015,30845,2024-10-05,Pediatrics,R07.9,93000,Self-Pay,4639,3872.05,2571.65,766.95,2067.35,Partial,95
101016,53854,2024-02-01,Neurology,N39.0,93000,Blue Cross,14994,12497.6,12497.6,2496.4,2496.4,Paid,174
101017,59468,2024-08-24,Orthopedics,K21.9,93000,Medicare,1904,1650.32,1064.1,253.68,839.9,Partial,44
101018,32398,2024-10-06,Oncology,I10,99213,Medicaid,14864,8307.24,5401.2,6556.76,9462.8,Partial,166
101019,33970,2025-05-28,Emergency,I10,93000,Medicaid,16941,13978.46,13978.46,2962.54,2962.54,Paid,33
101020,65464,2024-01-15,Radiology,R07.9,71046,Medicare,12279,8564.17,8564.17,3714.83,3714.83,Paid,180
101021,86117,2025-04-09,Emergency,E11.9,99213,Medicaid,4255,2835.36,2835.36,1419.64,1419.64,Paid,111
101022,92091,2025-06-03,Radiology,E11.9,93000,UnitedHealthcare,21428,16886.94,16886.94,4541.06,4541.06,Paid,150
101023,18526,2024-12-29,Oncology,F41.9,99213,Aetna,17846,15196.15,15196.15,2649.85,2649.85,Paid,29
101024,27466,2024-04-16,Neurology,J18.9,70450,Blue Cross,21738,20116.07,11965.58,1621.93,9772.42,Partial,106
101025,84585,2025-11-07,Oncology,M54.5,99213,Cigna,14961,8814.1,8814.1,6146.9,6146.9,Paid,102
101026,15937,2024-07-06,Radiology,I10,99213,Aetna,12491,8044.9,8044.9,4446.1,4446.1,Paid,175
101027,25511,2025-04-03,Radiology,F41.9,93000,UnitedHealthcare,14797,12734.79,12734.79,2062.21,2062.21,Paid,43
101028,79420,2024-07-11,Oncology,N39.0,85025,Aetna,17265,9688.46,9688.46,7576.54,7576.54,Paid,65
101029,25458,2024-05-26,Oncology,R07.9,85025,Cigna,12591,8735.64,8735.64,3855.36,3855.36,Paid,132
101030,75725,2024-09-08,Neurology,E11.9,70450,UnitedHealthcare,23600,14968.26,14968.26,8631.74,8631.74,Paid,77
101031,62988,2025-09-17,Cardiology,J18.9,70450,Cigna,23096,21324.9,21324.9,1771.1,1771.1,Paid,130
101032,72227,2024-10-05,Oncology,I10,36415,Cigna,7488,6522.88,6522.88,965.12,965.12,Paid,54
101033,16533,2025-03-04,Cardiology,I10,70450,Cigna,20701,13866.9,0,6834.1,20701,Denied,37
101034,76086,2024-12-03,Oncology,I10,93000,Medicaid,21274,15009.57,15009.57,6264.43,6264.43,Paid,32
101035,44191,2025-04-24,Orthopedics,J18.9,36415,Aetna,821,768.99,78.33,52.01,742.67,Pending,55
101036,79609,2024-08-05,Emergency,J18.9,99214,Aetna,1397,798.61,798.61,598.39,598.39,Paid,163
101037,64538,2025-04-03,Oncology,R07.9,99213,Medicaid,3928,2982.92,2982.92,945.08,945.08,Paid,104
101038,41369,2025-04-06,Oncology,E11.9,80053,UnitedHealthcare,13854,9788.99,9788.99,4065.01,4065.01,Paid,14
101039,35190,2024-07-11,Pediatrics,K21.9,93000,Medicaid,22085,12243.46,0,9841.54,22085,Denied,123
101040,16938,2024-06-13,Cardiology,F41.9,71046,Blue Cross,2596,1576.14,1576.14,1019.86,1019.86,Paid,122
101041,53358,2025-05-15,Radiology,J18.9,93000,Aetna,7840,5076.57,0,2763.43,7840,Denied,55
101042,33838,2024-02-22,Oncology,I10,85025,Self-Pay,24848,22641.68,5297.88,2206.32,19550.12,Pending,146
101043,71586,2025-06-16,Pediatrics,K21.9,85025,Cigna,709,449.91,0,259.09,709,Denied,7
101044,98766,2024-07-05,Pediatrics,I10,93000,Blue Cross,12198,7959.39,7959.39,4238.61,4238.61,Paid,163
101045,30658,2025-12-13,Orthopedics,I10,80053,Self-Pay,12912,11275.81,11275.81,1636.19,1636.19,Paid,128
101046,10377,2024-07-08,Neurology,E11.9,99214,Medicaid,21973,16914.47,8816.4,5058.53,13156.6,Partial,149
101047,92767,2025-09-12,Cardiology,E11.9,80053,UnitedHealthcare,23354,19763.01,12937.76,3590.99,10416.24,Partial,119
101048,28986,2025-10-31,Cardiology,M54.5,80053,Blue Cross,6709,5491.38,5491.38,1217.62,1217.62,Paid,122
101049,66575,2024-01-31,Orthopedics,M54.5,99213,Medicaid,10546,6340.33,1759.86,4205.67,8786.14,Pending,27
101050,70889,2025-02-20,Cardiology,E11.9,99213,UnitedHealthcare,22081,16296.62,8738.31,5784.38,13342.69,Partial,40
101051,61811,2025-05-25,Radiology,R07.9,93000,Self-Pay,24799,20488.18,20488.18,4310.82,4310.82,Paid,13
101052,42567,2024-07-05,Emergency,K21.9,99214,UnitedHealthcare,12254,11198.02,11198.02,1055.98,1055.98,Paid,8
101053,63191,2025-09-12,Emergency,M54.5,99213,Medicare,13590,7523.27,1889.8,6066.73,11700.2,Pending,13
101054,19182,2025-09-06,Neurology,M54.5,93000,Blue Cross,16121,13309.35,13309.35,2811.65,2811.65,Paid,174
101055,64926,2025-11-15,Pediatrics,N39.0,99213,UnitedHealthcare,7868,6634.94,840.75,1233.06,7027.25,Pending,161
101056,83054,2025-01-29,Neurology,M54.5,70450,Self-Pay,10963,6456.99,6456.99,4506.01,4506.01,Paid,80
101057,14656,2025-01-04,Cardiology,E11.9,85025,Medicaid,18658,17116.43,15090.95,1541.57,3567.05,Partial,96
101058,69349,2025-11-01,Neurology,E11.9,99214,Cigna,12034,6982.12,6982.12,5051.88,5051.88,Paid,122
101059,58585,2024-10-08,Pediatrics,J18.9,99213,Self-Pay,17145,13354.9,986.65,3790.1,16158.35,Pending,147
101060,24761,2025-12-16,Cardiology,K21.9,71046,Cigna,9149,5304.86,5304.86,3844.14,3844.14,Paid,57
101061,43007,2024-11-17,Orthopedics,M54.5,99213,UnitedHealthcare,11214,8416.05,8416.05,2797.95,2797.95,Paid,32
101062,64869,2025-12-11,Oncology,N39.0,99213,Self-Pay,1652,1436.23,0,215.77,1652,Denied,81
101063,25945,2025-09-22,Emergency,J18.9,99213,Aetna,5074,3757.93,0,1316.07,5074,Denied,128
101064,91641,2024-12-07,Orthopedics,F41.9,36415,Aetna,5347,4839.11,2997.99,507.89,2349.01,Partial,146
101065,89830,2025-01-13,Pediatrics,R07.9,93000,Blue Cross,22634,14069.32,4138.87,8564.68,18495.13,Pending,65
101066,81639,2025-02-17,Neurology,M54.5,70450,Medicare,746,427.56,294.97,318.44,451.03,Partial,152
101067,74604,2025-04-09,Orthopedics,N39.0,80053,Blue Cross,4816,4441.69,4441.69,374.31,374.31,Paid,18
101068,16979,2024-06-07,Pediatrics,K21.9,36415,Self-Pay,21365,12704.5,12704.5,8660.5,8660.5,Paid,121
101069,84362,2024-05-24,Emergency,E11.9,93000,UnitedHealthcare,12132,7189.41,7189.41,4942.59,4942.59,Paid,121
101070,22033,2025-06-05,Emergency,N39.0,99214,UnitedHealthcare,1662,954.82,954.82,707.18,707.18,Paid,0
101071,52950,2024-12-13,Cardiology,K21.9,99213,UnitedHealthcare,24912,16188.49,16188.49,8723.51,8723.51,Paid,75
101072,64038,2025-01-21,Neurology,F41.9,99213,Medicare,21157,14782.88,0,6374.12,21157,Denied,72
101073,42244,2025-01-21,Orthopedics,I10,80053,Cigna,24547,17601.68,17601.68,6945.32,6945.32,Paid,4
101074,84738,2024-01-17,Emergency,N39.0,70450,Medicaid,11956,8061.01,0,3894.99,11956,Denied,150
101075,58494,2024-09-26,Pediatrics,J18.9,70450,Aetna,18014,12610.34,12610.34,5403.66,5403.66,Paid,131
101076,35399,2024-08-18,Cardiology,K21.9,99213,Self-Pay,19903,13298.73,13298.73,6604.27,6604.27,Paid,24
101077,14408,2025-11-25,Pediatrics,M54.5,85025,Self-Pay,8475,7211.19,3696.68,1263.81,4778.32,Partial,152
101078,98662,2024-03-08,Pediatrics,R07.9,70450,Aetna,7067,4102.28,4102.28,2964.72,2964.72,Paid,124
101079,28059,2025-11-21,Emergency,N39.0,93000,UnitedHealthcare,21585,12770.8,12770.8,8814.2,8814.2,Paid,157
101080,33814,2024-08-25,Neurology,M54.5,70450,Medicare,9199,7416.02,6080.26,1782.98,3118.74,Partial,161
101081,52049,2025-10-06,Radiology,I10,99214,Medicaid,8574,7212.09,7212.09,1361.91,1361.91,Paid,121
101082,47164,2024-03-07,Pediatrics,K21.9,36415,Cigna,1527,984.92,984.92,542.08,542.08,Paid,104
101083,41868,2025-05-30,Cardiology,I10,93000,Medicare,13757,9823.5,9823.5,3933.5,3933.5,Paid,66
101084,57679,2025-09-23,Oncology,R07.9,36415,Aetna,10317,6000.8,6000.8,4316.2,4316.2,Paid,178
101085,14047,2025-08-06,Orthopedics,I10,70450,Medicaid,13674,8408.53,8408.53,5265.47,5265.47,Paid,5
101086,47022,2025-05-04,Pediatrics,K21.9,85025,Medicaid,22288,19969.41,19969.41,2318.59,2318.59,Paid,116
101087,54172,2024-02-17,Emergency,R07.9,71046,UnitedHealthcare,9690,6796.9,6796.9,2893.1,2893.1,Paid,81
101088,32076,2025-05-18,Oncology,M54.5,36415,Cigna,7236,5688.16,3617.97,1547.84,3618.03,Partial,147
101089,84688,2024-02-14,Oncology,M54.5,99213,Medicaid,6086,3813.37,3813.37,2272.63,2272.63,Paid,87
101090,45980,2025-11-15,Neurology,F41.9,70450,Blue Cross,6300,5599.14,2553.53,700.86,3746.47,Partial,34
101091,89627,2025-02-20,Radiology,M54.5,99213,Self-Pay,18837,13263.98,8994.44,5573.02,9842.56,Partial,41
101092,31390,2024-04-24,Oncology,N39.0,85025,UnitedHealthcare,14326,10539.2,10539.2,3786.8,3786.8,Paid,120
101093,44023,2024-09-30,Oncology,K21.9,99214,Medicaid,11856,10775.83,8679.86,1080.17,3176.14,Partial,107
101094,85900,2024-07-17,Emergency,F41.9,99213,Medicaid,17527,12110.11,12110.11,5416.89,5416.89,Paid,98
101095,95980,2025-05-19,Emergency,M54.5,70450,Medicare,766,443.68,61.09,322.32,704.91,Pending,171
101096,83561,2025-07-02,Orthopedics,F41.9,99214,Aetna,5609,4769.97,4769.97,839.03,839.03,Paid,55
101097,71998,2025-02-24,Pediatrics,I10,85025,Blue Cross,15596,11069.14,6715.12,4526.86,8880.88,Partial,86
101098,28080,2025-09-22,Emergency,J18.9,70450,Medicaid,8413,7965.97,7965.97,447.03,447.03,Paid,16
101099,96464,2025-08-20,Orthopedics,N39.0,93000,Blue Cross,10208,9419.05,6614.77,788.95,3593.23,Partial,10
101100,80580,2025-05-20,Neurology,J18.9,99213,Self-Pay,15868,9436.04,9436.04,6431.96,6431.96,Paid,19
101101,65503,2025-10-12,Pediatrics,R07.9,36415,UnitedHealthcare,309,244.37,125.33,64.63,183.67,Partial,120
101102,31810,2025-07-27,Cardiology,J18.9,85025,Self-Pay,15592,13931.46,11114.4,1660.54,4477.6,Partial,83
101103,63789,2025-09-05,Radiology,E11.9,99213,Aetna,7396,4162.54,4162.54,3233.46,3233.46,Paid,11
101104,59932,2025-11-16,Orthopedics,N39.0,85025,Cigna,10186,7106.97,4096.73,3079.03,6089.27,Partial,4
101105,18254,2024-06-17,Orthopedics,M54.5,99214,Self-Pay,23294,14408.47,14408.47,8885.53,8885.53,Paid,55
101106,40787,2024-12-02,Cardiology,F41.9,71046,UnitedHealthcare,6346,5411.51,5411.51,934.49,934.49,Paid,66
101107,86995,2024-09-15,Radiology,K21.9,93000,Cigna,8456,7451.64,7451.64,1004.36,1004.36,Paid,49
101108,93607,2024-04-17,Radiology,M54.5,93000,Aetna,10782,7952.66,7952.66,2829.34,2829.34,Paid,16
101109,34073,2025-12-16,Pediatrics,R07.9,99214,Aetna,3745,2597.45,0,1147.55,3745,Denied,41
101110,35677,2024-07-07,Pediatrics,N39.0,36415,Cigna,16705,9530.67,0,7174.33,16705,Denied,123
101111,10827,2025-11-17,Pediatrics,I10,80053,Blue Cross,19900,16749.03,16749.03,3150.97,3150.97,Paid,34
101112,69634,2024-07-31,Neurology,K21.9,99213,UnitedHealthcare,16460,14010.88,14010.88,2449.12,2449.12,Paid,127
101113,34628,2025-07-26,Neurology,J18.9,36415,Medicaid,23338,14668.06,14668.06,8669.94,8669.94,Paid,98
101114,61554,2024-06-14,Cardiology,I10,80053,Medicaid,16742,13947.04,2350.49,2794.96,14391.51,Pending,49
101115,35272,2025-02-16,Orthopedics,K21.9,70450,Aetna,1876,1289.5,1289.5,586.5,586.5,Paid,69
101116,25837,2025-01-12,Emergency,N39.0,85025,Medicaid,11578,10918.38,9826.25,659.62,1751.75,Partial,135
101117,24944,2025-05-03,Radiology,E11.9,70450,Aetna,12027,8862.91,0,3164.09,12027,Denied,68
101118,98642,2024-03-20,Radiology,F41.9,99214,Medicare,7676,7164.46,7164.46,511.54,511.54,Paid,114
101119,40920,2024-01-16,Emergency,K21.9,99214,Cigna,5450,4460.78,0,989.22,5450,Denied,135
101120,76585,2024-02-23,Cardiology,M54.5,36415,Medicaid,20142,16766.12,16766.12,3375.88,3375.88,Paid,117
101121,74666,2024-09-26,Cardiology,I10,36415,Medicare,2580,2020.8,2020.8,559.2,559.2,Paid,87
101122,97063,2024-08-28,Pediatrics,N39.0,99214,Self-Pay,3496,3207.55,3207.55,288.45,288.45,Paid,116
101123,30110,2024-07-29,Radiology,J18.9,80053,UnitedHealthcare,1929,1266.48,282.88,662.52,1646.12,Pending,135
101124,52186,2025-11-14,Pediatrics,J18.9,36415,Medicare,10392,8552.22,8552.22,1839.78,1839.78,Paid,10
101125,16318,2024-08-18,Emergency,K21.9,70450,Self-Pay,9639,6687.54,3091.69,2951.46,6547.31,Partial,72
101126,12229,2024-11-10,Neurology,I10,99213,Aetna,9989,7648.75,5715.44,2340.25,4273.56,Partial,83
101127,17044,2025-04-16,Radiology,I10,36415,Medicare,23286,15506.97,15506.97,7779.03,7779.03,Paid,171
101128,23000,2025-08-10,Cardiology,J18.9,85025,Medicaid,19647,12696.18,12696.18,6950.82,6950.82,Paid,63
101129,73280,2025-07-13,Cardiology,K21.9,93000,Medicaid,15778,14587.98,6829.41,1190.02,8948.59,Partial,34
101130,39112,2024-04-04,Pediatrics,N39.0,99214,UnitedHealthcare,14811,11493.74,11493.74,3317.26,3317.26,Paid,52
101131,38745,2024-03-13,Radiology,J18.9,70450,Medicare,5320,4092.76,1014.44,1227.24,4305.56,Pending,76
101132,73863,2025-12-07,Orthopedics,I10,99213,UnitedHealthcare,8413,7942.99,591.45,470.01,7821.55,Pending,108
101133,61980,2024-10-15,Cardiology,M54.5,80053,UnitedHealthcare,905,744.05,744.05,160.95,160.95,Paid,73
101134,81995,2024-07-03,Radiology,I10,36415,Aetna,5343,4791.55,107.92,551.45,5235.08,Pending,74
101135,52092,2024-10-27,Radiology,I10,99214,Medicare,23098,18463.45,18463.45,4634.55,4634.55,Paid,44
101136,83881,2024-03-16,Cardiology,N39.0,99213,Blue Cross,10550,5850.99,5850.99,4699.01,4699.01,Paid,154
101137,45651,2024-02-28,Emergency,K21.9,99213,UnitedHealthcare,1725,1029.43,1029.43,695.57,695.57,Paid,31
101138,59875,2024-03-08,Radiology,K21.9,36415,Blue Cross,3793,3478.91,3478.91,314.09,314.09,Paid,69
101139,59801,2024-12-02,Oncology,F41.9,36415,Blue Cross,3676,2509.85,1377.74,1166.15,2298.26,Partial,53
101140,34169,2025-08-20,Neurology,K21.9,70450,Aetna,9522,6944.47,6944.47,2577.53,2577.53,Paid,141
101141,34902,2025-10-25,Orthopedics,E11.9,71046,UnitedHealthcare,12144,10797.49,10797.49,1346.51,1346.51,Paid,41
101142,96354,2024-12-24,Emergency,M54.5,70450,Medicare,21829,16985.1,12761.48,4843.9,9067.52,Partial,112
101143,25591,2025-06-19,Oncology,M54.5,99214,Medicaid,11295,7585.9,7585.9,3709.1,3709.1,Paid,13
101144,72604,2024-02-19,Pediatrics,I10,85025,Cigna,8462,6959.75,6959.75,1502.25,1502.25,Paid,39
101145,98269,2024-06-22,Cardiology,I10,36415,UnitedHealthcare,20168,12893.63,12893.63,7274.37,7274.37,Paid,126
101146,59590,2025-08-08,Orthopedics,J18.9,99213,UnitedHealthcare,15206,12269.39,12269.39,2936.61,2936.61,Paid,105
101147,40887,2024-03-23,Emergency,E11.9,80053,UnitedHealthcare,15468,9801.52,0,5666.48,15468,Denied,46
101148,33466,2024-07-04,Orthopedics,K21.9,93000,Cigna,4868,4259.69,2442.99,608.31,2425.01,Partial,44
101149,72702,2025-09-28,Orthopedics,N39.0,71046,Medicare,4007,3036.3,0,970.7,4007,Denied,8
101150,94959,2024-06-09,Neurology,M54.5,70450,Cigna,5344,4403.32,4403.32,940.68,940.68,Paid,73
101151,26427,2024-10-02,Cardiology,F41.9,99213,Cigna,1177,711.82,408.77,465.18,768.23,Partial,104
101152,68253,2025-07-05,Emergency,J18.9,70450,Cigna,13303,9278.49,9278.49,4024.51,4024.51,Paid,174
101153,29327,2025-12-24,Emergency,E11.9,85025,Medicare,4950,2812.66,2812.66,2137.34,2137.34,Paid,98
101154,35968,2024-08-03,Emergency,K21.9,80053,Medicare,1412,1132.3,1132.3,279.7,279.7,Paid,92
101155,16550,2025-03-11,Emergency,N39.0,99213,Blue Cross,24755,17795.99,17795.99,6959.01,6959.01,Paid,101
101156,56927,2025-06-17,Radiology,J18.9,99214,Cigna,5262,3846.29,3846.29,1415.71,1415.71,Paid,70
101157,26417,2024-05-10,Orthopedics,J18.9,99213,Medicare,13900,8212.41,4858.86,5687.59,9041.14,Partial,19
101158,47784,2024-04-27,Orthopedics,F41.9,99213,UnitedHealthcare,13329,8714.79,8714.79,4614.21,4614.21,Paid,131
101159,62991,2024-12-13,Radiology,I10,93000,Self-Pay,15504,11079.68,0,4424.32,15504,Denied,73
101160,80582,2025-09-05,Neurology,R07.9,36415,Cigna,24237,14136.05,14136.05,10100.95,10100.95,Paid,11
101161,39254,2024-11-04,Emergency,K21.9,93000,Blue Cross,22136,20929.6,0,1206.4,22136,Denied,165
101162,84716,2024-10-10,Pediatrics,K21.9,80053,Medicaid,3218,2511.94,2511.94,706.06,706.06,Paid,176
101163,25969,2025-08-29,Oncology,K21.9,93000,Self-Pay,19244,11971.56,11971.56,7272.44,7272.44,Paid,19
101164,74925,2025-12-20,Oncology,R07.9,80053,Blue Cross,12079,10765.47,10765.47,1313.53,1313.53,Paid,95
101165,38680,2024-01-16,Emergency,I10,85025,Blue Cross,3952,2641.49,2641.49,1310.51,1310.51,Paid,63
101166,98200,2024-12-09,Pediatrics,E11.9,71046,Aetna,3338,2011.92,2011.92,1326.08,1326.08,Paid,176
101167,82190,2025-03-24,Radiology,E11.9,85025,Medicaid,14940,9794.87,9794.87,5145.13,5145.13,Paid,118
101168,55384,2025-05-28,Cardiology,K21.9,99213,Aetna,9922,7823.92,7823.92,2098.08,2098.08,Paid,124
101169,50116,2025-12-06,Emergency,R07.9,71046,Medicaid,11397,10538.72,266.12,858.28,11130.88,Pending,108
101170,90411,2024-05-20,Emergency,E11.9,93000,UnitedHealthcare,4628,2838.02,2838.02,1789.98,1789.98,Paid,94
101171,79373,2025-03-12,Neurology,K21.9,71046,Aetna,18881,17806.46,17806.46,1074.54,1074.54,Paid,7
101172,90607,2025-11-30,Radiology,F41.9,36415,Medicaid,6658,5863.01,5863.01,794.99,794.99,Paid,43
101173,80742,2024-02-02,Pediatrics,M54.5,99214,Blue Cross,3772,2416.56,2097.78,1355.44,1674.22,Partial,60
101174,62628,2025-08-31,Pediatrics,F41.9,99213,Medicare,18122,10891.49,2739.43,7230.51,15382.57,Pending,28
101175,60899,2025-01-28,Orthopedics,R07.9,70450,Medicaid,14686,12450.93,12450.93,2235.07,2235.07,Paid,0
101176,37543,2025-10-27,Neurology,F41.9,99214,Medicaid,10183,6272.47,2622.13,3910.53,7560.87,Partial,70
101177,73611,2025-04-01,Pediatrics,E11.9,99214,Cigna,19264,14868.39,14868.39,4395.61,4395.61,Paid,120
101178,97807,2025-07-04,Neurology,I10,99214,Aetna,2761,2057.93,2057.93,703.07,703.07,Paid,176
101179,58834,2025-04-24,Radiology,J18.9,36415,Medicare,12048,9204.18,6051.49,2843.82,5996.51,Partial,88
101180,59837,2024-10-23,Radiology,M54.5,36415,Self-Pay,14400,9843.52,9843.52,4556.48,4556.48,Paid,142
101181,54119,2025-04-26,Cardiology,E11.9,93000,Cigna,12110,9009.22,9009.22,3100.78,3100.78,Paid,102
101182,59497,2025-07-15,Pediatrics,I10,99214,Aetna,10022,7206.22,0,2815.78,10022,Denied,132
101183,51092,2025-06-27,Cardiology,F41.9,85025,Self-Pay,1745,1583.15,296.15,161.85,1448.85,Pending,56
101184,19744,2025-08-17,Oncology,M54.5,36415,Blue Cross,15909,13651.99,3625.77,2257.01,12283.23,Pending,89
101185,14917,2024-05-30,Pediatrics,J18.9,99213,Cigna,21764,20094.82,20094.82,1669.18,1669.18,Paid,58
101186,81503,2025-08-12,Cardiology,M54.5,85025,Cigna,10583,6894.49,6894.49,3688.51,3688.51,Paid,2
101187,76608,2024-08-09,Emergency,F41.9,85025,UnitedHealthcare,21538,16863.23,16863.23,4674.77,4674.77,Paid,77
101188,88848,2024-05-04,Pediatrics,F41.9,99213,Blue Cross,16235,13769.67,125.3,2465.33,16109.7,Pending,60
101189,83599,2024-11-21,Emergency,N39.0,70450,Blue Cross,20158,11817.02,11817.02,8340.98,8340.98,Paid,176
101190,53151,2024-02-15,Orthopedics,N39.0,93000,Medicare,3880,2632.39,373.81,1247.61,3506.19,Pending,130
101191,20389,2025-08-19,Emergency,N39.0,71046,Aetna,22287,17879.78,17879.78,4407.22,4407.22,Paid,129
101192,41072,2024-08-11,Cardiology,N39.0,99214,Cigna,7899,5631.39,0,2267.61,7899,Denied,161
101193,43885,2025-02-15,Cardiology,E11.9,71046,Aetna,20695,18076.22,18076.22,2618.78,2618.78,Paid,167
101194,53972,2024-11-27,Pediatrics,J18.9,36415,Blue Cross,13847,11783.95,11783.95,2063.05,2063.05,Paid,107
101195,67206,2024-11-20,Pediatrics,M54.5,71046,Cigna,4236,3371.74,3371.74,864.26,864.26,Paid,158
101196,24004,2024-04-14,Radiology,R07.9,36415,UnitedHealthcare,17728,15894.42,592.77,1833.58,17135.23,Pending,22
101197,63800,2024-06-08,Radiology,K21.9,99214,Blue Cross,19701,18352.41,9806.61,1348.59,9894.39,Partial,106
101198,66639,2024-12-20,Oncology,N39.0,99213,Blue Cross,18820,11454.51,2488.28,7365.49,16331.72,Pending,88
101199,51835,2024-04-26,Emergency,E11.9,80053,Aetna,11658,10270.91,10270.91,1387.09,1387.09,Paid,157
101200,95147,2024-02-14,Neurology,J18.9,71046,Medicare,23698,13267.35,6977.89,10430.65,16720.11,Partial,106
101201,93969,2024-02-02,Cardiology,N39.0,99213,UnitedHealthcare,8589,4920.04,0,3668.96,8589,Denied,46
101202,97896,2024-02-13,Pediatrics,N39.0,71046,Aetna,16840,14506.28,14506.28,2333.72,2333.72,Paid,77
101203,97344,2024-10-18,Pediatrics,N39.0,99214,Aetna,10719,6333.83,6333.83,4385.17,4385.17,Paid,172
101204,75980,2025-09-27,Pediatrics,E11.9,36415,UnitedHealthcare,11120,7817.12,5670.92,3302.88,5449.08,Partial,130
101205,13389,2024-10-01,Cardiology,M54.5,93000,Self-Pay,20383,14935.59,0,5447.41,20383,Denied,51
101206,34012,2024-08-03,Emergency,K21.9,80053,Blue Cross,9711,9192.61,133.43,518.39,9577.57,Pending,27
101207,41582,2024-11-01,Cardiology,I10,70450,Cigna,2492,2260.28,2260.28,231.72,231.72,Paid,28
101208,10413,2025-11-11,Neurology,I10,85025,UnitedHealthcare,18692,17476.66,0,1215.34,18692,Denied,133
101209,52610,2025-02-01,Oncology,M54.5,70450,Medicare,3787,2828.96,2828.96,958.04,958.04,Paid,100
101210,78216,2025-05-20,Emergency,E11.9,99214,Medicaid,11922,8524.21,8524.21,3397.79,3397.79,Paid,146
101211,70103,2024-08-31,Cardiology,I10,93000,Blue Cross,10350,5927.42,5927.42,4422.58,4422.58,Paid,168
101212,74902,2025-12-12,Radiology,I10,93000,Blue Cross,725,438.52,438.52,286.48,286.48,Paid,37
101213,63529,2024-10-14,Radiology,J18.9,70450,Medicaid,8872,7059.22,2045.01,1812.78,6826.99,Pending,50
101214,52178,2025-08-01,Radiology,K21.9,99214,Blue Cross,16805,9646.21,9646.21,7158.79,7158.79,Paid,7
101215,21756,2024-10-20,Orthopedics,J18.9,36415,UnitedHealthcare,13277,10076.7,10076.7,3200.3,3200.3,Paid,14
101216,60831,2024-03-14,Pediatrics,N39.0,36415,Medicaid,10881,8818.62,0,2062.38,10881,Denied,62
101217,75990,2025-11-26,Emergency,R07.9,70450,Blue Cross,16664,13550.31,13550.31,3113.69,3113.69,Paid,86
101218,35199,2025-08-15,Orthopedics,M54.5,99213,UnitedHealthcare,8687,7945.18,7945.18,741.82,741.82,Paid,111
101219,78781,2025-07-24,Radiology,M54.5,80053,Medicare,3455,1961.25,1961.25,1493.75,1493.75,Paid,47
101220,42072,2024-04-16,Radiology,J18.9,99214,Cigna,462,432.82,432.82,29.18,29.18,Paid,90
101221,50653,2025-01-02,Orthopedics,E11.9,70450,Blue Cross,7067,6131.42,6131.42,935.58,935.58,Paid,80
101222,26036,2024-06-01,Pediatrics,N39.0,99214,Aetna,8650,6572.38,6572.38,2077.62,2077.62,Paid,8
101223,84275,2025-05-18,Orthopedics,J18.9,93000,Cigna,6675,6137.25,6137.25,537.75,537.75,Paid,93
101224,85213,2025-03-26,Oncology,F41.9,70450,Self-Pay,9873,5842.41,5842.41,4030.59,4030.59,Paid,97
101225,15325,2024-01-28,Oncology,I10,99214,Cigna,5724,5240.2,5240.2,483.8,483.8,Paid,74
101226,39615,2024-02-12,Cardiology,R07.9,36415,Medicaid,13933,8066.97,8066.97,5866.03,5866.03,Paid,163
101227,73802,2024-06-21,Pediatrics,N39.0,80053,Medicaid,1826,1322.12,1322.12,503.88,503.88,Paid,78
101228,10493,2025-12-10,Oncology,E11.9,71046,Cigna,16514,11539.91,11539.91,4974.09,4974.09,Paid,52
101229,85372,2024-07-07,Pediatrics,E11.9,99214,Cigna,15132,12878.28,1546.93,2253.72,13585.07,Pending,102
101230,17219,2025-09-25,Oncology,N39.0,99213,Cigna,11975,8746.16,0,3228.84,11975,Denied,166
101231,50131,2024-01-14,Radiology,R07.9,71046,Medicaid,1219,1058.72,1058.72,160.28,160.28,Paid,27
101232,50864,2024-04-03,Orthopedics,J18.9,80053,UnitedHealthcare,11168,8784.13,8784.13,2383.87,2383.87,Paid,75
101233,29943,2024-08-14,Emergency,F41.9,71046,Medicare,7095,5655.22,5655.22,1439.78,1439.78,Paid,121
101234,28735,2025-10-15,Pediatrics,J18.9,99214,Medicare,11351,9287.8,0,2063.2,11351,Denied,102
101235,18447,2024-01-06,Pediatrics,F41.9,99213,Cigna,15112,13873.09,13873.09,1238.91,1238.91,Paid,110
101236,92701,2025-02-12,Orthopedics,J18.9,71046,Medicaid,2097,1354.24,1354.24,742.76,742.76,Paid,49
101237,46216,2024-08-01,Cardiology,E11.9,93000,Medicare,19411,13985.74,3314.61,5425.26,16096.39,Pending,166
101238,74935,2024-05-02,Radiology,K21.9,85025,UnitedHealthcare,15471,11850.85,11850.85,3620.15,3620.15,Paid,19
101239,85097,2024-07-03,Radiology,J18.9,99213,Medicare,11784,6569.82,6569.82,5214.18,5214.18,Paid,139
101240,85637,2024-01-06,Emergency,K21.9,36415,UnitedHealthcare,17691,10322.94,10322.94,7368.06,7368.06,Paid,60
101241,74889,2025-08-16,Radiology,M54.5,80053,Self-Pay,12268,7298.81,7298.81,4969.19,4969.19,Paid,79
101242,98882,2025-05-13,Cardiology,R07.9,99213,UnitedHealthcare,12776,10746.91,10746.91,2029.09,2029.09,Paid,167
101243,65891,2025-01-26,Neurology,I10,36415,Blue Cross,19118,13189.15,13189.15,5928.85,5928.85,Paid,50
101244,42249,2024-07-12,Radiology,K21.9,99214,UnitedHealthcare,15002,13566.33,8158.47,1435.67,6843.53,Partial,55
101245,45487,2024-03-11,Pediatrics,K21.9,70450,Medicare,7817,4449.46,4449.46,3367.54,3367.54,Paid,105
101246,55182,2025-01-17,Cardiology,J18.9,80053,Medicare,10029,6522,6522,3507,3507,Paid,90
101247,76564,2025-03-18,Radiology,J18.9,99213,Self-Pay,3458,2355.38,1982.9,1102.62,1475.1,Partial,126
101248,77169,2024-05-11,Pediatrics,J18.9,93000,Medicaid,14265,13169.79,13169.79,1095.21,1095.21,Paid,91
101249,59821,2024-03-05,Radiology,M54.5,85025,Medicare,12291,7836.67,0,4454.33,12291,Denied,135
101250,86317,2025-02-26,Orthopedics,F41.9,93000,Aetna,13024,11562.4,11562.4,1461.6,1461.6,Paid,3
101251,55718,2024-04-30,Oncology,E11.9,71046,Aetna,1525,1074.61,1074.61,450.39,450.39,Paid,99
101252,76002,2025-11-12,Cardiology,N39.0,80053,UnitedHealthcare,17903,12366.09,12366.09,5536.91,5536.91,Paid,99
101253,72362,2025-11-08,Cardiology,I10,93000,UnitedHealthcare,19882,18001.19,0,1880.81,19882,Denied,24
101254,45741,2024-09-02,Radiology,J18.9,99214,UnitedHealthcare,21565,18198.94,1249,3366.06,20316,Pending,10
101255,74741,2025-06-01,Emergency,J18.9,80053,Medicaid,16274,10002.08,10002.08,6271.92,6271.92,Paid,165
101256,82558,2025-08-10,Pediatrics,N39.0,93000,Medicaid,14453,9367.75,9367.75,5085.25,5085.25,Paid,17
101257,19039,2024-06-14,Neurology,M54.5,36415,Medicaid,16497,14706.03,14706.03,1790.97,1790.97,Paid,129
101258,45876,2024-07-30,Oncology,J18.9,80053,Medicaid,15255,9601.11,0,5653.89,15255,Denied,12
101259,24405,2025-01-23,Cardiology,M54.5,80053,Blue Cross,24692,18063.44,18063.44,6628.56,6628.56,Paid,142
101260,77742,2024-08-03,Radiology,E11.9,99214,Blue Cross,22803,14185.06,14185.06,8617.94,8617.94,Paid,19
101261,83405,2024-12-01,Neurology,E11.9,80053,Blue Cross,4931,4312.84,4312.84,618.16,618.16,Paid,132
101262,81828,2025-11-15,Orthopedics,M54.5,93000,Medicare,23436,18081.98,11922.32,5354.02,11513.68,Partial,103
101263,10850,2024-10-28,Pediatrics,K21.9,85025,Blue Cross,2071,1299.15,0,771.85,2071,Denied,145
101264,73432,2025-02-28,Cardiology,K21.9,85025,UnitedHealthcare,20750,15885.55,15885.55,4864.45,4864.45,Paid,139
101265,26130,2024-01-04,Emergency,K21.9,36415,Aetna,16000,13084.25,11379.3,2915.75,4620.7,Partial,31
101266,66628,2024-09-21,Oncology,J18.9,99213,Medicaid,2720,1713.59,1713.59,1006.41,1006.41,Paid,117
101267,29903,2025-01-04,Emergency,K21.9,71046,Blue Cross,21461,17147.76,13022.04,4313.24,8438.96,Partial,27
101268,88457,2025-10-10,Oncology,R07.9,99213,Medicaid,22715,14848.1,11759.82,7866.9,10955.18,Partial,48
101269,82022,2025-01-18,Cardiology,E11.9,80053,Self-Pay,746,446.95,446.95,299.05,299.05,Paid,164
101270,76481,2024-07-29,Orthopedics,N39.0,85025,Medicare,9704,8916.13,8916.13,787.87,787.87,Paid,72
101271,50325,2024-03-26,Radiology,N39.0,99213,UnitedHealthcare,7485,4159.65,3625.01,3325.35,3859.99,Partial,36
101272,60551,2025-03-23,Orthopedics,F41.9,70450,Cigna,22245,17825.05,17825.05,4419.95,4419.95,Paid,23
101273,64214,2024-10-21,Radiology,I10,70450,UnitedHealthcare,18342,12933.93,8202.78,5408.07,10139.22,Partial,23
101274,47150,2024-07-01,Neurology,E11.9,93000,Medicaid,14616,8513.21,8513.21,6102.79,6102.79,Paid,33
101275,84629,2024-03-24,Cardiology,N39.0,70450,Aetna,10606,6081.23,615.16,4524.77,9990.84,Pending,44
101276,26700,2025-07-24,Orthopedics,K21.9,93000,Medicaid,10921,9480.88,7289.84,1440.12,3631.16,Partial,21
101277,77193,2024-05-07,Emergency,J18.9,36415,Aetna,22225,20463.7,20463.7,1761.3,1761.3,Paid,133
101278,14856,2025-08-31,Orthopedics,R07.9,36415,Blue Cross,17613,11954.09,7512.41,5658.91,10100.59,Partial,121
101279,15910,2024-09-11,Emergency,F41.9,80053,Aetna,1088,725.98,725.98,362.02,362.02,Paid,168
101280,41282,2025-08-06,Orthopedics,J18.9,71046,UnitedHealthcare,19699,10945.92,8991.72,8753.08,10707.28,Partial,1
101281,27305,2024-08-10,Cardiology,I10,99213,Medicaid,22268,15700.7,0,6567.3,22268,Denied,105
101282,59272,2024-01-02,Neurology,R07.9,99213,Cigna,22856,15118.21,15118.21,7737.79,7737.79,Paid,22
101283,88524,2025-07-08,Radiology,N39.0,36415,Self-Pay,514,457.07,457.07,56.93,56.93,Paid,135
101284,31641,2024-04-07,Emergency,J18.9,85025,Medicaid,13501,10690.95,10690.95,2810.05,2810.05,Paid,155
101285,22089,2025-05-08,Pediatrics,E11.9,99213,Medicaid,5369,4022.32,1077.76,1346.68,4291.24,Pending,62
101286,64030,2025-02-05,Neurology,M54.5,85025,Medicaid,16318,9010.21,0,7307.79,16318,Denied,49
101287,84045,2025-03-27,Emergency,N39.0,71046,Cigna,19350,16490.69,16490.69,2859.31,2859.31,Paid,151
101288,33350,2025-02-23,Oncology,F41.9,71046,Aetna,9353,6092.53,0,3260.47,9353,Denied,86
101289,23282,2024-08-09,Emergency,E11.9,99213,Aetna,6915,5206.42,0,1708.58,6915,Denied,80
101290,88581,2024-12-06,Emergency,N39.0,99213,Self-Pay,11093,9155.11,4107.38,1937.89,6985.62,Partial,167
101291,79702,2025-02-14,Cardiology,I10,93000,Blue Cross,6222,5281.93,5281.93,940.07,940.07,Paid,22
101292,96682,2024-07-05,Cardiology,N39.0,71046,Medicare,18268,10985.78,690.72,7282.22,17577.28,Pending,40
101293,37351,2024-10-20,Neurology,J18.9,71046,Medicare,12737,10784.45,10784.45,1952.55,1952.55,Paid,41
101294,87161,2024-02-09,Oncology,R07.9,80053,Self-Pay,8724,7557.82,7557.82,1166.18,1166.18,Paid,39
101295,75468,2024-08-04,Emergency,E11.9,80053,UnitedHealthcare,6392,4233.13,4233.13,2158.87,2158.87,Paid,93
101296,62940,2024-05-16,Orthopedics,J18.9,80053,Aetna,3335,2129.5,1048.94,1205.5,2286.06,Partial,125
101297,88279,2024-01-22,Radiology,M54.5,80053,Medicare,9110,5924.8,5924.8,3185.2,3185.2,Paid,31
101298,28103,2025-10-28,Oncology,J18.9,99214,Medicare,21159,12812.96,12812.96,8346.04,8346.04,Paid,71
101299,55307,2025-04-04,Emergency,E11.9,71046,Self-Pay,11113,7433.54,0,3679.46,11113,Denied,55
101300,42976,2025-06-26,Pediatrics,E11.9,71046,Blue Cross,22101,17028.93,17028.93,5072.07,5072.07,Paid,48
101301,41646,2024-08-08,Pediatrics,M54.5,99214,Cigna,16590,15111.86,15111.86,1478.14,1478.14,Paid,107
101302,63704,2025-08-26,Cardiology,F41.9,71046,Medicare,1057,941.79,575.55,115.21,481.45,Partial,118
101303,35412,2024-11-23,Neurology,M54.5,99214,Self-Pay,5791,3938.72,3938.72,1852.28,1852.28,Paid,38
101304,49837,2025-11-19,Radiology,J18.9,93000,Medicaid,17078,15587.63,15587.63,1490.37,1490.37,Paid,154
101305,69888,2024-08-08,Neurology,R07.9,71046,Cigna,9915,8999.54,1138.25,915.46,8776.75,Pending,17
101306,40783,2024-07-11,Neurology,M54.5,71046,UnitedHealthcare,8881,5256.49,3762.49,3624.51,5118.51,Partial,111
101307,90598,2024-09-11,Neurology,N39.0,80053,Cigna,5161,3713.36,2261.94,1447.64,2899.06,Partial,30
101308,54027,2024-05-02,Pediatrics,R07.9,99213,Aetna,5553,4143.71,509.42,1409.29,5043.58,Pending,72
101309,63555,2025-12-21,Emergency,M54.5,36415,Aetna,869,615.88,74.08,253.12,794.92,Pending,75
101310,15912,2025-07-12,Emergency,E11.9,99214,Medicare,21625,14096.82,0,7528.18,21625,Denied,121
101311,66160,2024-06-02,Neurology,J18.9,70450,Cigna,21620,15097.49,15097.49,6522.51,6522.51,Paid,68
101312,67647,2025-07-19,Cardiology,K21.9,70450,Self-Pay,20661,12208.96,12208.96,8452.04,8452.04,Paid,48
101313,54636,2025-05-17,Radiology,R07.9,70450,Medicare,658,382.56,32.54,275.44,625.46,Pending,66
101314,76149,2024-05-27,Pediatrics,R07.9,70450,Cigna,16063,13906.89,0,2156.11,16063,Denied,90
101315,34510,2024-03-25,Emergency,R07.9,80053,Cigna,24222,18128.36,8987.6,6093.64,15234.4,Partial,127
101316,83098,2024-03-03,Oncology,K21.9,93000,Blue Cross,22523,13740.05,9622.32,8782.95,12900.68,Partial,21
101317,53410,2024-12-01,Emergency,E11.9,71046,Self-Pay,13474,12168.77,12168.77,1305.23,1305.23,Paid,30
101318,14611,2024-03-30,Pediatrics,R07.9,70450,Cigna,2577,1440.07,1440.07,1136.93,1136.93,Paid,56
101319,67014,2025-03-06,Radiology,J18.9,99214,Blue Cross,2449,2093.94,1812.98,355.06,636.02,Partial,21
101320,50517,2024-01-16,Oncology,F41.9,85025,Self-Pay,23231,14617.4,14617.4,8613.6,8613.6,Paid,40
101321,34930,2024-08-19,Neurology,I10,99214,Medicare,16793,9342.45,9342.45,7450.55,7450.55,Paid,39
101322,39390,2024-11-29,Oncology,F41.9,80053,Cigna,15381,9681.72,9681.72,5699.28,5699.28,Paid,135
101323,70059,2025-12-22,Neurology,M54.5,71046,Self-Pay,12175,8059.97,8059.97,4115.03,4115.03,Paid,40
101324,96884,2024-03-26,Oncology,F41.9,71046,Blue Cross,3306,1969.04,1969.04,1336.96,1336.96,Paid,121
101325,65308,2024-07-05,Emergency,F41.9,93000,Medicare,24915,23628.37,23628.37,1286.63,1286.63,Paid,136
101326,88118,2024-12-09,Emergency,K21.9,85025,Medicare,12518,9142.72,9142.72,3375.28,3375.28,Paid,70
101327,46744,2024-07-27,Oncology,K21.9,71046,Blue Cross,24138,22639.34,10141.69,1498.66,13996.31,Partial,131
101328,74234,2024-11-16,Oncology,J18.9,85025,Medicare,24047,15274.31,15274.31,8772.69,8772.69,Paid,57
101329,47810,2024-06-06,Pediatrics,R07.9,80053,Blue Cross,12043,9398.83,9398.83,2644.17,2644.17,Paid,85
101330,25124,2025-03-01,Radiology,K21.9,99214,Blue Cross,11494,7320.07,6331.2,4173.93,5162.8,Partial,88
101331,38865,2024-09-22,Pediatrics,M54.5,80053,UnitedHealthcare,21336,17619.74,17619.74,3716.26,3716.26,Paid,77
101332,23605,2025-02-20,Neurology,E11.9,70450,Self-Pay,17960,11785.76,11785.76,6174.24,6174.24,Paid,45
101333,28716,2025-12-09,Oncology,N39.0,70450,Cigna,5924,4837.17,4837.17,1086.83,1086.83,Paid,30
101334,88281,2025-11-24,Emergency,F41.9,85025,Self-Pay,24175,19714.32,19714.32,4460.68,4460.68,Paid,69
101335,14346,2025-11-09,Cardiology,M54.5,36415,UnitedHealthcare,22912,17996.71,17996.71,4915.29,4915.29,Paid,1
101336,77446,2025-03-29,Emergency,E11.9,99214,UnitedHealthcare,23766,18313.12,18313.12,5452.88,5452.88,Paid,13
101337,24580,2024-07-18,Orthopedics,R07.9,36415,Medicare,17397,13157.45,13157.45,4239.55,4239.55,Paid,165
101338,18291,2024-08-11,Oncology,I10,71046,Medicare,13565,12289.28,12289.28,1275.72,1275.72,Paid,100
101339,22271,2025-02-17,Emergency,I10,80053,Medicare,11125,6354.47,6354.47,4770.53,4770.53,Paid,42
101340,94353,2025-11-29,Orthopedics,J18.9,85025,Blue Cross,11235,9321.94,9321.94,1913.06,1913.06,Paid,145
101341,77786,2025-06-23,Oncology,I10,36415,Self-Pay,12299,9932.16,0,2366.84,12299,Denied,80
101342,56379,2025-11-25,Oncology,M54.5,80053,Cigna,19610,12292.12,12292.12,7317.88,7317.88,Paid,94
101343,57783,2024-03-02,Orthopedics,J18.9,99213,Aetna,13482,8699.39,8699.39,4782.61,4782.61,Paid,106
101344,86781,2025-03-13,Orthopedics,R07.9,71046,Blue Cross,10010,5766.07,0,4243.93,10010,Denied,41
101345,51480,2024-10-24,Cardiology,J18.9,36415,Cigna,3452,2937.95,2937.95,514.05,514.05,Paid,149
101346,97071,2024-10-14,Oncology,M54.5,36415,Blue Cross,14711,13596.78,13596.78,1114.22,1114.22,Paid,57
101347,15760,2024-01-30,Neurology,K21.9,80053,Medicare,18420,11448.08,11448.08,6971.92,6971.92,Paid,143
101348,10444,2025-03-07,Emergency,R07.9,71046,UnitedHealthcare,9309,6193.09,6193.09,3115.91,3115.91,Paid,125
101349,59012,2025-03-12,Pediatrics,K21.9,71046,Aetna,22061,20552.41,12009.57,1508.59,10051.43,Partial,77
101350,70453,2024-10-07,Radiology,M54.5,71046,Cigna,3032,1943.35,1943.35,1088.65,1088.65,Paid,25
101351,16214,2024-12-25,Emergency,I10,99214,Self-Pay,23421,13188.37,0,10232.63,23421,Denied,45
101352,87918,2024-10-26,Orthopedics,R07.9,36415,Self-Pay,20756,15777.65,15777.65,4978.35,4978.35,Paid,61
101353,88762,2024-07-15,Pediatrics,N39.0,71046,Medicare,18279,16457.91,16457.91,1821.09,1821.09,Paid,160
101354,60081,2025-12-07,Emergency,J18.9,99213,Medicare,4072,3123.56,3123.56,948.44,948.44,Paid,54
101355,36819,2024-04-08,Orthopedics,M54.5,36415,UnitedHealthcare,18590,13207.81,7297.78,5382.19,11292.22,Partial,53
101356,83173,2025-09-23,Neurology,I10,80053,Aetna,10964,9548.67,9548.67,1415.33,1415.33,Paid,177
101357,67443,2025-03-12,Orthopedics,E11.9,71046,Blue Cross,10943,6091.23,6091.23,4851.77,4851.77,Paid,10
101358,75601,2025-07-06,Emergency,R07.9,80053,Blue Cross,5055,4702.81,4191.25,352.19,863.75,Partial,167
101359,99624,2025-12-27,Oncology,N39.0,99214,Medicaid,19587,17562.03,17562.03,2024.97,2024.97,Paid,27
101360,61622,2024-12-05,Pediatrics,F41.9,36415,Self-Pay,4575,3267.68,3267.68,1307.32,1307.32,Paid,69
101361,37103,2025-04-23,Cardiology,N39.0,36415,Self-Pay,15675,12766.43,3798.45,2908.57,11876.55,Pending,169
101362,11267,2025-10-16,Oncology,J18.9,85025,UnitedHealthcare,24428,18132.23,15206.25,6295.77,9221.75,Partial,55
101363,15899,2025-10-09,Emergency,N39.0,71046,Blue Cross,10444,7789.6,5334.94,2654.4,5109.06,Partial,2
101364,21286,2025-04-06,Radiology,F41.9,70450,Medicaid,21135,14631.97,14631.97,6503.03,6503.03,Paid,176
101365,25542,2024-11-13,Pediatrics,J18.9,80053,Cigna,3592,2661.61,2661.61,930.39,930.39,Paid,99
101366,48705,2025-04-11,Neurology,R07.9,70450,Blue Cross,22437,18179.36,16166.2,4257.64,6270.8,Partial,59
101367,23401,2025-09-25,Radiology,K21.9,85025,Aetna,18461,11158.42,11158.42,7302.58,7302.58,Paid,112
101368,54526,2024-01-13,Neurology,J18.9,99213,Cigna,23680,21162.28,16403.4,2517.72,7276.6,Partial,171
101369,34128,2024-02-21,Emergency,E11.9,71046,Cigna,11975,7586.56,7586.56,4388.44,4388.44,Paid,20
101370,62659,2025-11-28,Emergency,J18.9,80053,Medicaid,18070,16382.44,13193.83,1687.56,4876.17,Partial,117
101371,18422,2024-08-14,Oncology,J18.9,80053,UnitedHealthcare,16280,13648.68,13648.68,2631.32,2631.32,Paid,41
101372,41141,2024-01-19,Orthopedics,J18.9,99213,Cigna,14295,10285,0,4010,14295,Denied,95
101373,69042,2025-02-09,Cardiology,J18.9,70450,Medicaid,13862,9570.2,9570.2,4291.8,4291.8,Paid,26
101374,13795,2024-02-14,Pediatrics,F41.9,80053,Self-Pay,22658,18579.9,3368.76,4078.1,19289.24,Pending,81
101375,89626,2025-05-31,Pediatrics,R07.9,71046,Cigna,17736,16367.63,3129.27,1368.37,14606.73,Pending,86
101376,67282,2024-11-03,Neurology,R07.9,36415,UnitedHealthcare,22149,20063.21,20063.21,2085.79,2085.79,Paid,107
101377,71177,2025-06-30,Neurology,R07.9,80053,Blue Cross,22014,20447.12,20447.12,1566.88,1566.88,Paid,157
101378,96665,2025-07-24,Orthopedics,I10,36415,Medicare,17937,15861.75,15861.75,2075.25,2075.25,Paid,71
101379,52683,2024-10-08,Emergency,R07.9,99214,Blue Cross,23718,20498.36,9677.33,3219.64,14040.67,Partial,100
101380,86020,2024-12-31,Neurology,J18.9,80053,Blue Cross,5389,3059.21,3059.21,2329.79,2329.79,Paid,153
101381,29847,2025-05-09,Orthopedics,R07.9,99214,UnitedHealthcare,2856,2506.92,0,349.08,2856,Denied,39
101382,22366,2024-03-04,Oncology,R07.9,70450,Self-Pay,24239,16388.77,16388.77,7850.23,7850.23,Paid,113
101383,53632,2024-07-21,Cardiology,N39.0,80053,Aetna,23700,18163.69,14082.71,5536.31,9617.29,Partial,170
101384,28190,2025-04-22,Neurology,E11.9,99214,Aetna,13134,8273.88,3585.91,4860.12,9548.09,Partial,76
101385,34547,2024-08-27,Oncology,F41.9,85025,Aetna,4551,2906.84,1415.71,1644.16,3135.29,Partial,122
101386,93105,2025-02-12,Neurology,M54.5,85025,Cigna,14109,8414.09,1211.08,5694.91,12897.92,Pending,91
101387,44037,2024-10-16,Pediatrics,N39.0,99213,Self-Pay,5148,3423.47,0,1724.53,5148,Denied,24
101388,53706,2024-12-13,Cardiology,R07.9,99214,Aetna,12720,10686.82,7447.42,2033.18,5272.58,Partial,160
101389,62230,2024-06-05,Neurology,J18.9,36415,Aetna,5113,3264.9,3264.9,1848.1,1848.1,Paid,22
101390,65391,2024-02-11,Emergency,I10,70450,Cigna,24777,18202.07,18202.07,6574.93,6574.93,Paid,16
101391,56680,2025-04-05,Orthopedics,J18.9,71046,Cigna,1432,1264,1264,168,168,Paid,75
101392,57214,2024-08-11,Radiology,F41.9,80053,Aetna,12338,6859.03,6859.03,5478.97,5478.97,Paid,177
101393,83046,2025-05-18,Orthopedics,E11.9,85025,Cigna,19752,14192.74,9218.34,5559.26,10533.66,Partial,81
101394,60805,2025-02-17,Orthopedics,F41.9,85025,Self-Pay,2117,1315.32,595.69,801.68,1521.31,Partial,112
101395,78610,2025-07-31,Radiology,N39.0,36415,Aetna,20052,17185.25,17185.25,2866.75,2866.75,Paid,138
101396,91544,2024-01-10,Orthopedics,M54.5,99214,Medicare,11085,9932.69,9932.69,1152.31,1152.31,Paid,128
101397,11354,2025-10-26,Radiology,N39.0,99214,UnitedHealthcare,13886,11103.37,11103.37,2782.63,2782.63,Paid,83
101398,85545,2024-12-20,Cardiology,N39.0,36415,Aetna,17879,16169.25,0,1709.75,17879,Denied,27
101399,87544,2024-12-11,Cardiology,F41.9,36415,Medicaid,20555,12686.55,5537.3,7868.45,15017.7,Partial,8
101400,47715,2025-04-16,Orthopedics,E11.9,36415,Blue Cross,16748,13394.31,13394.31,3353.69,3353.69,Paid,156
101401,95394,2025-05-12,Cardiology,N39.0,99214,Medicaid,4751,4098.88,4098.88,652.12,652.12,Paid,51
101402,53203,2025-10-12,Pediatrics,R07.9,80053,Self-Pay,2336,2117.89,0,218.11,2336,Denied,88
101403,68458,2024-06-22,Pediatrics,E11.9,85025,Aetna,23449,15070.35,15070.35,8378.65,8378.65,Paid,2
101404,77858,2025-08-16,Neurology,K21.9,36415,Aetna,24519,16265.64,16265.64,8253.36,8253.36,Paid,152
101405,49799,2025-09-16,Cardiology,R07.9,70450,Self-Pay,9849,7889.54,7889.54,1959.46,1959.46,Paid,124
101406,92369,2024-06-16,Emergency,R07.9,71046,Self-Pay,5401,4968.63,4968.63,432.37,432.37,Paid,63
101407,67544,2025-01-26,Cardiology,J18.9,85025,Blue Cross,8272,5341.93,3452.39,2930.07,4819.61,Partial,143
101408,37941,2025-05-18,Pediatrics,J18.9,71046,Medicare,21971,16404.3,16404.3,5566.7,5566.7,Paid,109
101409,62315,2025-01-06,Cardiology,I10,99214,Blue Cross,5866,4563.05,2693.25,1302.95,3172.75,Partial,176
101410,78594,2024-07-24,Cardiology,F41.9,80053,Aetna,865,554.37,554.37,310.63,310.63,Paid,176
101411,61911,2025-06-02,Emergency,J18.9,99214,Self-Pay,2646,1947.05,1947.05,698.95,698.95,Paid,110
101412,83677,2024-12-27,Radiology,J18.9,99214,Medicaid,5098,4768.55,0,329.45,5098,Denied,30
101413,10961,2024-02-25,Emergency,J18.9,70450,Medicare,23760,19968.68,0,3791.32,23760,Denied,65
101414,69065,2024-12-27,Cardiology,R07.9,80053,UnitedHealthcare,23055,20681.31,20681.31,2373.69,2373.69,Paid,147
101415,21643,2025-01-27,Emergency,K21.9,93000,Self-Pay,11433,6545.21,4364.62,4887.79,7068.38,Partial,111
101416,60782,2025-07-21,Cardiology,N39.0,70450,Blue Cross,15736,13335.63,10380.65,2400.37,5355.35,Partial,130
101417,96451,2025-12-29,Orthopedics,N39.0,99214,Self-Pay,11867,11067.15,11067.15,799.85,799.85,Paid,33
101418,25184,2025-09-11,Emergency,N39.0,71046,Cigna,9034,8028.82,8028.82,1005.18,1005.18,Paid,135
101419,22786,2025-06-03,Oncology,K21.9,80053,Medicaid,11703,11035.4,11035.4,667.6,667.6,Paid,159
101420,10960,2025-07-29,Orthopedics,M54.5,85025,Medicare,11569,7654.92,7654.92,3914.08,3914.08,Paid,74
101421,59191,2025-01-09,Pediatrics,F41.9,85025,UnitedHealthcare,10043,5787.07,5787.07,4255.93,4255.93,Paid,119
101422,23919,2024-02-08,Oncology,R07.9,80053,Medicare,5463,4278.11,3410.37,1184.89,2052.63,Partial,39
101423,21673,2024-10-19,Emergency,R07.9,85025,Medicaid,6763,5891.13,5891.13,871.87,871.87,Paid,161
101424,44399,2024-03-31,Radiology,E11.9,93000,Blue Cross,2883,2197.88,2197.88,685.12,685.12,Paid,101
101425,26844,2025-07-27,Neurology,I10,99213,Cigna,23914,15760.33,15760.33,8153.67,8153.67,Paid,57
101426,17408,2025-10-08,Pediatrics,J18.9,85025,Self-Pay,16016,12722.46,2281.79,3293.54,13734.21,Pending,91
101427,10542,2025-11-26,Emergency,K21.9,71046,Cigna,22503,18293.2,18293.2,4209.8,4209.8,Paid,58
101428,48818,2024-04-23,Oncology,F41.9,93000,UnitedHealthcare,20160,13679,13679,6481,6481,Paid,73
101429,23057,2025-04-25,Pediatrics,N39.0,70450,Self-Pay,16140,9721.06,9721.06,6418.94,6418.94,Paid,8
101430,74511,2024-01-01,Pediatrics,E11.9,80053,UnitedHealthcare,16585,15306.85,0,1278.15,16585,Denied,93
101431,82058,2025-11-01,Emergency,R07.9,36415,Medicare,17471,11508.35,11508.35,5962.65,5962.65,Paid,161
101432,78619,2025-03-30,Neurology,E11.9,80053,Aetna,5857,5165.64,5165.64,691.36,691.36,Paid,134
101433,79491,2024-05-31,Cardiology,R07.9,80053,UnitedHealthcare,24398,16007.36,16007.36,8390.64,8390.64,Paid,170
101434,89716,2024-08-17,Cardiology,N39.0,93000,Aetna,20567,15022.21,9325.63,5544.79,11241.37,Partial,59
101435,60524,2025-03-26,Orthopedics,F41.9,70450,Cigna,15873,9604.31,2181.06,6268.69,13691.94,Pending,167
101436,72169,2025-12-14,Emergency,I10,85025,Medicaid,17039,11466.15,11466.15,5572.85,5572.85,Paid,174
101437,29694,2025-11-18,Radiology,I10,99214,Medicare,13605,11009.94,8469.67,2595.06,5135.33,Partial,167
101438,32956,2024-09-04,Neurology,M54.5,70450,Cigna,17969,15590.42,15590.42,2378.58,2378.58,Paid,20
101439,40124,2024-01-13,Orthopedics,K21.9,71046,Cigna,3678,2137.83,2137.83,1540.17,1540.17,Paid,44
101440,87741,2025-11-15,Cardiology,M54.5,70450,UnitedHealthcare,8770,6304.11,6304.11,2465.89,2465.89,Paid,180
101441,89200,2025-02-08,Oncology,F41.9,71046,Cigna,5684,5094.6,5094.6,589.4,589.4,Paid,131
101442,94620,2024-05-16,Radiology,K21.9,70450,Medicaid,15947,9447.77,9447.77,6499.23,6499.23,Paid,169
101443,22885,2025-04-28,Radiology,K21.9,36415,Blue Cross,5228,2916.97,1943.18,2311.03,3284.82,Partial,137
101444,97848,2024-01-22,Oncology,F41.9,99213,Medicaid,6122,4248.75,4248.75,1873.25,1873.25,Paid,43
101445,19338,2025-09-11,Emergency,E11.9,70450,Medicaid,16068,12064.97,12064.97,4003.03,4003.03,Paid,71
101446,67204,2025-01-01,Oncology,F41.9,36415,Self-Pay,15224,10212.05,114.42,5011.95,15109.58,Pending,26
101447,72969,2025-12-10,Pediatrics,K21.9,85025,UnitedHealthcare,20828,17051.15,17051.15,3776.85,3776.85,Paid,101
101448,50038,2025-05-05,Cardiology,R07.9,70450,UnitedHealthcare,15835,9033.84,9033.84,6801.16,6801.16,Paid,10
101449,73007,2025-09-19,Emergency,M54.5,80053,Blue Cross,19864,16802.57,16802.57,3061.43,3061.43,Paid,119
101450,64211,2025-06-12,Pediatrics,R07.9,93000,Medicare,8296,7014.3,1335.48,1281.7,6960.52,Pending,163
101451,47179,2025-07-11,Emergency,R07.9,85025,UnitedHealthcare,21448,17117.32,17117.32,4330.68,4330.68,Paid,90
101452,29315,2025-06-02,Orthopedics,M54.5,99213,UnitedHealthcare,8609,7226.59,7226.59,1382.41,1382.41,Paid,38
101453,58264,2025-12-27,Neurology,E11.9,85025,Medicare,8779,7408.04,0,1370.96,8779,Denied,12
101454,56332,2025-09-03,Cardiology,M54.5,99214,UnitedHealthcare,10700,8092.17,6241.99,2607.83,4458.01,Partial,66
101455,89069,2025-03-03,Oncology,E11.9,70450,UnitedHealthcare,1232,1010.52,1010.52,221.48,221.48,Paid,32
101456,73532,2025-02-10,Cardiology,M54.5,85025,UnitedHealthcare,14090,9211.13,4155.34,4878.87,9934.66,Partial,141
101457,40778,2024-09-26,Oncology,K21.9,70450,Medicaid,23828,15509.49,4483.77,8318.51,19344.23,Pending,62
101458,37999,2025-04-26,Pediatrics,J18.9,70450,Self-Pay,2563,2397.05,2397.05,165.95,165.95,Paid,70
101459,15166,2024-10-03,Cardiology,I10,93000,Aetna,14622,11822,11822,2800,2800,Paid,168
101460,99063,2025-09-27,Pediatrics,N39.0,99214,Aetna,12308,8681.05,4556.91,3626.95,7751.09,Partial,164
101461,60285,2024-07-13,Emergency,N39.0,85025,UnitedHealthcare,1602,1179.84,938.72,422.16,663.28,Partial,30
101462,29167,2024-05-16,Radiology,I10,71046,Blue Cross,15207,12159.89,1974.51,3047.11,13232.49,Pending,170
101463,59172,2025-05-28,Oncology,I10,71046,Aetna,9979,7708.66,7708.66,2270.34,2270.34,Paid,43
101464,80152,2024-01-28,Emergency,I10,99214,Medicare,4362,3158.01,3158.01,1203.99,1203.99,Paid,163
101465,28077,2025-03-03,Emergency,I10,93000,Self-Pay,15771,14912.18,14912.18,858.82,858.82,Paid,6
101466,74758,2024-07-23,Pediatrics,K21.9,70450,Medicare,3794,2506.21,2506.21,1287.79,1287.79,Paid,72
101467,70863,2025-12-05,Cardiology,F41.9,70450,Medicare,2168,1460.82,750.24,707.18,1417.76,Partial,35
101468,17127,2024-05-24,Emergency,N39.0,93000,Cigna,23311,21828.61,16760.57,1482.39,6550.43,Partial,101
101469,88803,2024-04-30,Emergency,M54.5,93000,UnitedHealthcare,24318,20314.3,20314.3,4003.7,4003.7,Paid,108
101470,75047,2024-12-24,Neurology,M54.5,70450,Blue Cross,8141,6255.09,0,1885.91,8141,Denied,125
101471,73899,2024-08-29,Radiology,N39.0,71046,Blue Cross,14018,12039.08,12039.08,1978.92,1978.92,Paid,119
101472,15213,2024-03-12,Orthopedics,J18.9,93000,Medicaid,4386,4001.02,0,384.98,4386,Denied,12
101473,47743,2025-11-07,Orthopedics,N39.0,80053,Aetna,20633,12137.06,12137.06,8495.94,8495.94,Paid,142
101474,66862,2024-01-29,Orthopedics,R07.9,85025,Self-Pay,19000,16042.92,16042.92,2957.08,2957.08,Paid,127
101475,77289,2025-12-23,Radiology,I10,85025,Medicare,7665,5402.37,3448.72,2262.63,4216.28,Partial,127
101476,91107,2025-09-19,Emergency,R07.9,80053,UnitedHealthcare,8504,4941.13,4941.13,3562.87,3562.87,Paid,138
101477,76009,2025-06-25,Cardiology,E11.9,99214,Medicaid,4541,4221.28,4221.28,319.72,319.72,Paid,51
101478,15255,2024-11-21,Radiology,M54.5,36415,Blue Cross,5674,3302.34,1514.92,2371.66,4159.08,Partial,8
101479,95614,2025-06-16,Radiology,I10,85025,Self-Pay,3575,2641.91,2641.91,933.09,933.09,Paid,74
101480,57893,2024-07-17,Neurology,J18.9,85025,Medicaid,9886,7412.69,3976.73,2473.31,5909.27,Partial,62
101481,83204,2024-08-13,Oncology,J18.9,85025,Aetna,21081,13707.68,13707.68,7373.32,7373.32,Paid,154
101482,75901,2025-12-29,Neurology,J18.9,71046,Blue Cross,22362,17792.78,3682.59,4569.22,18679.41,Pending,162
101483,27696,2024-02-09,Oncology,N39.0,85025,Blue Cross,24886,19806.1,695.31,5079.9,24190.69,Pending,12
101484,70443,2025-11-13,Oncology,M54.5,99213,Self-Pay,22011,19500.37,0,2510.63,22011,Denied,103
101485,97648,2025-08-31,Cardiology,R07.9,99214,Medicare,21336,18899.43,18899.43,2436.57,2436.57,Paid,162
101486,15318,2024-11-21,Cardiology,M54.5,93000,UnitedHealthcare,14715,12000.19,12000.19,2714.81,2714.81,Paid,82
101487,32088,2024-12-12,Radiology,R07.9,99213,Blue Cross,17660,15149.64,0,2510.36,17660,Denied,28
101488,96220,2024-05-23,Cardiology,I10,99214,Cigna,1951,1320.56,1320.56,630.44,630.44,Paid,67
101489,43012,2024-06-18,Cardiology,F41.9,70450,Self-Pay,17326,14744.45,14744.45,2581.55,2581.55,Paid,163
101490,34723,2024-08-03,Radiology,R07.9,85025,Aetna,7680,4754.68,4754.68,2925.32,2925.32,Paid,152
101491,68416,2024-12-31,Orthopedics,I10,80053,UnitedHealthcare,19372,16570.63,16570.63,2801.37,2801.37,Paid,29
101492,91431,2024-02-02,Radiology,N39.0,99213,Medicare,12151,7741.55,7741.55,4409.45,4409.45,Paid,127
101493,89554,2025-01-16,Cardiology,N39.0,99214,Aetna,3975,3701.09,1599.22,273.91,2375.78,Partial,171
101494,15596,2025-01-09,Cardiology,K21.9,71046,Aetna,9048,7899.53,7899.53,1148.47,1148.47,Paid,44
101495,29484,2024-06-28,Orthopedics,F41.9,99213,Blue Cross,12635,9924.44,9924.44,2710.56,2710.56,Paid,134
101496,77652,2024-01-30,Emergency,E11.9,99213,Blue Cross,22022,20767.28,20767.28,1254.72,1254.72,Paid,28
101497,29543,2025-02-19,Radiology,M54.5,36415,UnitedHealthcare,15976,10517.85,10517.85,5458.15,5458.15,Paid,174
101498,86486,2025-12-09,Cardiology,E11.9,36415,Cigna,17697,13443,13443,4254,4254,Paid,152
101499,63287,2025-06-16,Orthopedics,J18.9,93000,Aetna,4172,3318.48,2173.91,853.52,1998.09,Partial,165
101500,21088,2025-04-25,Orthopedics,I10,93000,Medicaid,24764,17726.67,4716.6,7037.33,20047.4,Pending,130
